id_ibu,nama_ibu,nik,nama_suami,usia,tempat_lahir,tanggal_lahir,hpl,usia_hamil,alamat,alergi,riwayat_sakit,tinggi_badan_cm,jarak_kehamilan_tahun,jumlah_anak_hidup,riwayat_caesar,tekanan_darah_sistol,tekanan_darah_diastol,skor_poedji_rochjati,kategori_risiko,pernah_keguguran,kehamilan_kembar,riwayat_hamil_anggur,anemia_berat,penyakit_kronis,letak_janin_sungsang_lintang,perdarahan_antepartum,preeklamsia_berat_eklamsia
BUMIL-KMB-001,Mayang Pratiwi Indias P,1402065901010004,M. Rizal Iksan,25,Singosari Malang,2001-01-19,2026-12-11,28 minggu,Lebak Wangi RT06/08,Tidak ada,Tidak ada,155,2,1,0,120,80,2,KBR,Tidak,Tidak,Tidak,Tidak,Tidak,Tidak,Tidak,Tidak
BUMIL-KMB-002,Umi sumardiyah,3671086605740004,HOTIB,52,Tangerang,1974-05-26,2027-04-02,12 minggu,Lebak Wangi RT01/08,Tidak ada,Hipertensi,150,10,3,0,140,90,10,KRT,Tidak,Tidak,Tidak,Tidak,Ya,Tidak,Tidak,Tidak
BUMIL-KMB-003,Dita Pratama,3172015806000003,Adi Asrori,26,Tangerang,2000-06-18,2027-04-16,10 minggu,Lebak Wangi RT07/08,Tidak ada,Tidak ada,158,0,0,0,115,75,2,KBR,Tidak,Tidak,Tidak,Tidak,Tidak,Tidak,Tidak,Tidak
BUMIL-KMB-004,Siti Hermawati,3603126906940007,Wahyudin,32,Tangerang,1994-06-29,2027-02-12,19 minggu,Lebak Wangi RT06/08,Tidak ada,Anemia,152,3,2,0,110,70,2,KBR,Tidak,Tidak,Tidak,Tidak,Ya,Tidak,Tidak,Tidak
BUMIL-001,Nurul Aminah,3603403832645883,Bambang Pratama,24,Bekasi,2002-11-04,2027-05-14,6 minggu,Lebak Wangi RT03/08,Tidak ada,Gastritis,147,2,5,1,150,93,14,KRST,Tidak,Tidak,Tidak,Tidak,Ya,Tidak,Tidak,Tidak
BUMIL-002,Bunga Aminah,3603198912225902,Agus Santoso,23,Jakarta,2003-02-19,2027-02-12,19 minggu,Lebak Wangi RT04/08,Tidak ada,Gastritis,147,8,4,1,125,86,10,KRT,Tidak,Tidak,Tidak,Tidak,Ya,Tidak,Tidak,Tidak
BUMIL-003,Maya Utami,3603590573056992,Hendra Susanto,35,Surakarta,1991-10-01,2027-01-15,23 minggu,Lebak Wangi RT07/08,Tidak ada,Diabetes,148,0,1,0,135,86,6,KRT,Tidak,Tidak,Tidak,Tidak,Ya,Tidak,Tidak,Tidak
BUMIL-004,Anisa Hidayah,3603941629821539,Budi Wibowo,27,Bogor,1999-10-09,2026-11-20,31 minggu,Perum Duta Asri Cadas Blok C,Seafood,Anemia,143,1,3,1,135,91,14,KRST,Tidak,Tidak,Tidak,Tidak,Ya,Tidak,Tidak,Tidak
BUMIL-005,Sri Aminah,3603605645347792,Indra Wijaya,34,Jakarta,1992-05-05,2027-04-02,12 minggu,Lebak Wangi RT07/08,Tidak ada,Anemia,143,6,0,0,150,96,10,KRT,Tidak,Tidak,Tidak,Tidak,Ya,Tidak,Tidak,Tidak
BUMIL-006,Mega Puspita,3603873919986476,Agus Susanto,19,Semarang,2007-06-20,2027-03-19,14 minggu,Lebak Wangi RT09/08,Tidak ada,Asthma,141,10,1,0,115,72,6,KRT,Tidak,Tidak,Tidak,Tidak,Ya,Tidak,Tidak,Tidak
BUMIL-007,Nurul Utami,3603599410093881,Dwi Purnama,37,Bandung,1989-02-18,2027-03-12,15 minggu,Perum Duta Asri Cadas Blok A,Tidak ada,Tidak ada,166,5,1,0,125,86,6,KRT,Tidak,Tidak,Tidak,Tidak,Tidak,Tidak,Tidak,Tidak
BUMIL-008,Sri Mulyani,3603851347210313,Suryo Wijaya,37,Bekasi,1989-01-22,2027-03-26,13 minggu,Lebak Wangi RT02/08,Seafood,Hipertensi,142,9,5,1,125,78,18,KRST,Tidak,Tidak,Tidak,Tidak,Ya,Tidak,Tidak,Tidak
BUMIL-009,Ayu Utami,3603804054194082,Joko Setiawan,39,Bandung,1987-08-21,2026-11-13,32 minggu,Lebak Wangi RT06/08,Tidak ada,Hipertensi,157,3,5,0,110,69,10,KRT,Tidak,Tidak,Tidak,Tidak,Ya,Tidak,Tidak,Tidak
BUMIL-010,Dewi Lestari,3603393780765787,Ahmad Suryadi,19,Bogor,2007-12-22,2026-12-25,26 minggu,Lebak Wangi RT09/08,Tidak ada,Tidak ada,146,9,5,0,170,112,10,KRT,Tidak,Tidak,Tidak,Tidak,Tidak,Tidak,Tidak,Ya
BUMIL-011,Dian Anggraini,3603256589576361,Aris Pratama,25,Bandung,2001-08-13,2027-03-19,14 minggu,Perum Duta Asri Cadas Blok D,Tidak ada,Tidak ada,144,3,5,0,130,88,10,KRT,Tidak,Tidak,Tidak,Tidak,Tidak,Tidak,Tidak,Tidak
BUMIL-012,Bunga Puspita,3603496852403351,Tri Hidayat,24,Jakarta,2002-01-26,2027-03-05,16 minggu,Lebak Wangi RT04/08,Dingin,Anemia,144,8,3,1,110,67,10,KRT,Tidak,Tidak,Tidak,Tidak,Ya,Tidak,Tidak,Tidak
BUMIL-013,Anisa Anggraini,3603968270511233,Tri Purnama,38,Semarang,1988-04-21,2027-01-29,21 minggu,Lebak Wangi RT03/08,Tidak ada,Tidak ada,153,9,0,0,140,92,10,KRT,Tidak,Tidak,Tidak,Tidak,Tidak,Tidak,Tidak,Tidak
BUMIL-014,Ayu Suryani,3603112637644335,Aris Hidayat,38,Yogyakarta,1988-04-24,2027-01-15,23 minggu,Lebak Wangi RT07/08,Dingin,Asthma,163,1,5,0,130,89,14,KRST,Tidak,Tidak,Tidak,Tidak,Ya,Tidak,Tidak,Tidak
BUMIL-015,Yuni Sartika,3603578001943304,Fajar Nugroho,22,Jakarta,2004-06-08,2027-04-16,10 minggu,Perum Duta Asri Cadas Blok D,Tidak ada,Tidak ada,154,0,5,0,130,87,6,KRT,Tidak,Tidak,Tidak,Tidak,Tidak,Tidak,Tidak,Tidak
BUMIL-016,Fitri Suryani,3603219883823727,Asep Suryadi,37,Jakarta,1989-03-21,2027-04-09,11 minggu,Lebak Wangi RT07/08,Seafood,Diabetes,149,10,4,0,120,78,10,KRT,Tidak,Tidak,Tidak,Tidak,Ya,Tidak,Tidak,Tidak
BUMIL-017,Fitri Suryani,3603958793742143,Budi Permana,33,Jakarta,1993-09-09,2027-01-15,23 minggu,Perum Duta Asri Cadas Blok B,Udang,Hipertensi,140,9,2,0,115,74,6,KRT,Tidak,Tidak,Tidak,Tidak,Ya,Tidak,Tidak,Tidak
BUMIL-018,Eka Hidayah,3603362241791770,Suryo Kusuma,35,Bogor,1991-11-11,2027-04-23,9 minggu,Lebak Wangi RT08/08,Tidak ada,Hipertensi,142,1,5,0,115,77,18,KRST,Tidak,Tidak,Tidak,Tidak,Ya,Tidak,Tidak,Tidak
BUMIL-019,Anisa Rahma,3603622524651020,Fajar Purnama,34,Jakarta,1992-09-25,2027-04-09,11 minggu,Perum Duta Asri Cadas Blok B,Tidak ada,Gastritis,145,4,4,0,140,89,10,KRT,Tidak,Tidak,Tidak,Tidak,Ya,Tidak,Tidak,Tidak
BUMIL-020,Maya Mulyani,3603322006291036,Joko Wibowo,39,Bogor,1987-10-07,2027-04-16,10 minggu,Lebak Wangi RT09/08,Udang,Tidak ada,149,6,5,0,145,97,14,KRST,Tidak,Tidak,Tidak,Tidak,Tidak,Tidak,Tidak,Tidak
BUMIL-021,Ayu Sartika,3603345877882397,Budi Wijaya,19,Bandung,2007-10-11,2027-01-29,21 minggu,Perum Duta Asri Cadas Blok D,Tidak ada,Tidak ada,150,0,4,0,160,102,10,KRT,Tidak,Tidak,Tidak,Tidak,Tidak,Tidak,Tidak,Ya
BUMIL-022,Siti Sartika,3603794529888366,Sandi Wijaya,18,Jakarta,2008-01-08,2026-10-30,34 minggu,Perum Duta Asri Cadas Blok C,Penisilin,Tidak ada,147,1,0,0,135,83,6,KRT,Tidak,Tidak,Tidak,Tidak,Tidak,Tidak,Tidak,Tidak
BUMIL-023,Tari Hidayah,3603835635458363,Rizal Permana,32,Semarang,1994-09-25,2027-04-16,10 minggu,Lebak Wangi RT09/08,Tidak ada,Hipertensi,146,8,1,0,160,108,6,KRT,Tidak,Tidak,Tidak,Tidak,Ya,Tidak,Tidak,Ya
BUMIL-024,Kartika Hidayah,3603623060957599,Asep Pratama,42,Surakarta,1984-09-28,2027-01-01,25 minggu,Perum Duta Asri Cadas Blok D,Tidak ada,Hipertensi,153,3,0,0,115,79,6,KRT,Tidak,Tidak,Tidak,Tidak,Ya,Tidak,Tidak,Tidak
BUMIL-025,Bunga Lestari,3603552790822417,Joko Nugroho,31,Surakarta,1995-07-22,2026-12-25,26 minggu,Lebak Wangi RT08/08,Tidak ada,Tidak ada,167,0,5,0,170,106,10,KRT,Tidak,Tidak,Tidak,Tidak,Tidak,Tidak,Tidak,Ya
BUMIL-026,Dewi Utami,3603472494841003,Budi Suryadi,42,Surakarta,1984-04-03,2027-03-05,16 minggu,Lebak Wangi RT04/08,Dingin,Tidak ada,167,1,1,1,150,99,18,KRST,Tidak,Tidak,Tidak,Tidak,Tidak,Tidak,Tidak,Tidak
BUMIL-027,Anisa Utami,3603405730753142,Agus Pratama,31,Jakarta,1995-01-03,2026-12-11,28 minggu,Lebak Wangi RT01/08,Debu,Tidak ada,147,1,3,0,150,93,10,KRT,Tidak,Tidak,Tidak,Tidak,Tidak,Tidak,Tidak,Tidak
BUMIL-028,Dewi Anggraini,3603696997372373,Rudi Pratama,17,Surakarta,2009-09-08,2027-03-19,14 minggu,Lebak Wangi RT03/08,Dingin,Diabetes,142,3,1,0,145,92,10,KRT,Tidak,Tidak,Tidak,Tidak,Ya,Tidak,Tidak,Tidak
BUMIL-029,Dian Aminah,3603517318938760,Asep Pratama,17,Jakarta,2009-04-26,2027-01-29,21 minggu,Lebak Wangi RT02/08,Seafood,Anemia,152,4,3,0,150,102,6,KRT,Tidak,Tidak,Tidak,Tidak,Ya,Tidak,Tidak,Tidak
BUMIL-030,Kartika Rahma,3603422938152332,Agus Permana,23,Jakarta,2003-07-14,2027-02-05,20 minggu,Lebak Wangi RT01/08,Seafood,Anemia,141,9,5,0,135,82,10,KRT,Tidak,Tidak,Tidak,Tidak,Ya,Tidak,Tidak,Tidak
BUMIL-031,Dewi Puspita,3603651803604970,Hendra Kurniawan,33,Semarang,1993-02-08,2027-04-02,12 minggu,Lebak Wangi RT03/08,Seafood,Tidak ada,145,0,4,1,120,74,10,KRT,Tidak,Tidak,Tidak,Tidak,Tidak,Tidak,Tidak,Tidak
BUMIL-032,Rina Anggraini,3603361399523052,Ahmad Nugroho,29,Surakarta,1997-05-15,2027-03-26,13 minggu,Lebak Wangi RT02/08,Tidak ada,Gastritis,143,9,1,0,110,75,6,KRT,Tidak,Tidak,Tidak,Tidak,Ya,Tidak,Tidak,Tidak
BUMIL-033,Rina Utami,3603742773523346,Hadi Setiawan,35,Cirebon,1991-01-03,2026-10-23,35 minggu,Lebak Wangi RT08/08,Penisilin,Tidak ada,156,5,2,1,135,85,10,KRT,Tidak,Tidak,Tidak,Tidak,Tidak,Tidak,Tidak,Tidak
BUMIL-034,Sri Utami,3603835001525541,Tri Santoso,37,Cirebon,1989-07-02,2027-04-09,11 minggu,Lebak Wangi RT05/08,Penisilin,Hipertensi,149,7,2,0,115,69,6,KRT,Tidak,Tidak,Tidak,Tidak,Ya,Tidak,Tidak,Tidak
BUMIL-035,Ayu Puspita,3603722763619778,Aris Permana,20,Semarang,2006-07-23,2026-10-16,36 minggu,Lebak Wangi RT03/08,Tidak ada,Hipertensi,142,8,1,0,120,78,6,KRT,Tidak,Tidak,Tidak,Tidak,Ya,Tidak,Tidak,Tidak
BUMIL-036,Rina Hidayah,3603410824752082,Aris Santoso,22,Bandung,2004-04-02,2027-01-08,24 minggu,Lebak Wangi RT01/08,Tidak ada,Diabetes,154,8,5,0,170,113,10,KRT,Tidak,Tidak,Tidak,Tidak,Ya,Tidak,Tidak,Ya
BUMIL-037,Siti Anggraini,3603709099824282,Dedi Santoso,26,Surakarta,2000-09-28,2027-01-22,22 minggu,Lebak Wangi RT02/08,Tidak ada,Tidak ada,161,1,1,0,115,77,6,KRT,Tidak,Tidak,Tidak,Tidak,Tidak,Tidak,Tidak,Tidak
BUMIL-038,Anisa Wulandari,3603762635097563,Hadi Kusuma,23,Jakarta,2003-10-03,2026-12-18,27 minggu,Perum Duta Asri Cadas Blok A,Tidak ada,Tidak ada,162,5,1,0,130,87,2,KRR,Tidak,Tidak,Tidak,Tidak,Tidak,Tidak,Tidak,Tidak
BUMIL-039,Kartika Wulandari,3603159468562624,Sandi Suryadi,19,Surakarta,2007-10-03,2027-02-12,19 minggu,Lebak Wangi RT06/08,Tidak ada,Tidak ada,160,6,2,1,135,84,6,KRT,Tidak,Tidak,Tidak,Tidak,Tidak,Tidak,Tidak,Tidak
BUMIL-040,Sri Rahma,3603588514866975,Hadi Hidayat,34,Cirebon,1992-11-23,2027-03-05,16 minggu,Lebak Wangi RT03/08,Tidak ada,Diabetes,162,6,4,1,115,71,10,KRT,Tidak,Tidak,Tidak,Tidak,Ya,Tidak,Tidak,Tidak
BUMIL-041,Maya Aminah,3603507311484139,Ahmad Santoso,35,Semarang,1991-06-25,2026-10-23,35 minggu,Perum Duta Asri Cadas Blok A,Dingin,Tidak ada,157,2,3,1,130,84,10,KRT,Tidak,Tidak,Tidak,Tidak,Tidak,Tidak,Tidak,Tidak
BUMIL-042,Dewi Lestari,3603848226581356,Fajar Hidayat,24,Bogor,2002-02-18,2027-04-02,12 minggu,Lebak Wangi RT06/08,Tidak ada,Tidak ada,161,1,2,0,140,95,10,KRT,Tidak,Tidak,Tidak,Tidak,Tidak,Tidak,Tidak,Tidak
BUMIL-043,Anisa Hidayah,3603279807112340,Wawan Firmansyah,42,Surakarta,1984-06-10,2027-04-09,11 minggu,Perum Duta Asri Cadas Blok C,Tidak ada,Gastritis,165,2,3,1,135,88,10,KRT,Tidak,Tidak,Tidak,Tidak,Ya,Tidak,Tidak,Tidak
BUMIL-044,Ratna Wulandari,3603963972176017,Aris Hidayat,39,Jakarta,1987-01-22,2026-11-13,32 minggu,Lebak Wangi RT03/08,Tidak ada,Tidak ada,143,6,0,0,145,92,14,KRST,Tidak,Tidak,Tidak,Tidak,Tidak,Tidak,Tidak,Tidak
BUMIL-045,Lestari Kusuma,3603436509220579,Rizal Hidayat,42,Serang,1984-02-24,2027-01-15,23 minggu,Perum Duta Asri Cadas Blok A,Tidak ada,Anemia,167,3,1,1,125,82,10,KRT,Tidak,Tidak,Tidak,Tidak,Ya,Tidak,Tidak,Tidak
BUMIL-046,Yuni Wulandari,3603176726811657,Bambang Kurniawan,41,Semarang,1985-04-22,2026-12-25,26 minggu,Lebak Wangi RT05/08,Tidak ada,Tidak ada,148,5,5,0,170,113,14,KRST,Tidak,Tidak,Tidak,Tidak,Tidak,Tidak,Tidak,Ya
BUMIL-047,Yuni Aminah,3603387635680418,Bambang Santoso,22,Tangerang,2004-11-14,2026-11-13,32 minggu,Lebak Wangi RT06/08,Tidak ada,Hipertensi,158,4,0,0,115,78,2,KRR,Tidak,Tidak,Tidak,Tidak,Ya,Tidak,Tidak,Tidak
BUMIL-048,Bunga Lestari,3603966417503705,Aris Susanto,27,Cirebon,1999-03-24,2027-02-05,20 minggu,Lebak Wangi RT09/08,Tidak ada,Tidak ada,153,9,4,1,160,102,14,KRST,Tidak,Tidak,Tidak,Tidak,Tidak,Tidak,Tidak,Ya
BUMIL-049,Sri Aminah,3603579785579472,Rizal Kurniawan,17,Tangerang,2009-02-23,2026-10-30,34 minggu,Lebak Wangi RT06/08,Dingin,Gastritis,156,8,5,0,170,108,10,KRT,Tidak,Tidak,Tidak,Tidak,Ya,Tidak,Tidak,Ya
BUMIL-050,Mega Utami,3603784317998415,Agus Hidayat,27,Bandung,1999-03-14,2027-04-16,10 minggu,Perum Duta Asri Cadas Blok D,Tidak ada,Anemia,161,1,5,0,150,96,14,KRST,Tidak,Tidak,Tidak,Tidak,Ya,Tidak,Tidak,Tidak
BUMIL-051,Bunga Lestari,3603866232475190,Eko Saputra,26,Surakarta,2000-04-22,2027-03-26,13 minggu,Lebak Wangi RT07/08,Dingin,Tidak ada,157,2,1,0,140,96,6,KRT,Tidak,Tidak,Tidak,Tidak,Tidak,Tidak,Tidak,Tidak
BUMIL-052,Fitri Puspita,3603433156770265,Dedi Purnama,29,Cirebon,1997-04-28,2027-04-09,11 minggu,Lebak Wangi RT01/08,Tidak ada,Anemia,157,0,2,0,140,95,6,KRT,Tidak,Tidak,Tidak,Tidak,Ya,Tidak,Tidak,Tidak
BUMIL-053,Yuni Kusuma,3603587228760932,Hadi Hidayat,38,Bogor,1988-07-26,2026-12-18,27 minggu,Perum Duta Asri Cadas Blok D,Tidak ada,Asthma,146,8,3,0,120,83,6,KRT,Tidak,Tidak,Tidak,Tidak,Ya,Tidak,Tidak,Tidak
BUMIL-054,Rina Wulandari,3603828063322537,Hadi Pratama,37,Semarang,1989-01-28,2027-01-29,21 minggu,Lebak Wangi RT06/08,Tidak ada,Tidak ada,159,5,0,0,125,86,6,KRT,Tidak,Tidak,Tidak,Tidak,Tidak,Tidak,Tidak,Tidak
BUMIL-055,Eka Hidayah,3603318212526070,Hendra Kusuma,21,Bandung,2005-04-01,2026-12-18,27 minggu,Lebak Wangi RT05/08,Tidak ada,Hipertensi,140,0,1,0,160,100,10,KRT,Tidak,Tidak,Tidak,Tidak,Ya,Tidak,Tidak,Ya
BUMIL-056,Ayu Utami,3603795295663709,Tri Permana,35,Surakarta,1991-06-21,2027-01-22,22 minggu,Lebak Wangi RT06/08,Tidak ada,Tidak ada,146,6,3,0,120,83,6,KRT,Tidak,Tidak,Tidak,Tidak,Tidak,Tidak,Tidak,Tidak
BUMIL-057,Siti Sartika,3603567199758169,Bambang Santoso,24,Jakarta,2002-05-06,2027-01-08,24 minggu,Perum Duta Asri Cadas Blok A,Seafood,Anemia,145,8,3,1,125,77,6,KRT,Tidak,Tidak,Tidak,Tidak,Ya,Tidak,Tidak,Tidak
BUMIL-058,Ayu Rahma,3603610248199023,Asep Suryadi,38,Surakarta,1988-12-26,2027-03-05,16 minggu,Lebak Wangi RT02/08,Seafood,Tidak ada,156,8,4,0,145,98,14,KRST,Tidak,Tidak,Tidak,Tidak,Tidak,Tidak,Tidak,Tidak
BUMIL-059,Tari Utami,3603591979363867,Asep Santoso,22,Surakarta,2004-05-02,2026-12-11,28 minggu,Perum Duta Asri Cadas Blok D,Udang,Tidak ada,163,7,3,0,125,86,2,KRR,Tidak,Tidak,Tidak,Tidak,Tidak,Tidak,Tidak,Tidak
BUMIL-060,Sri Suryani,3603789276095704,Indra Suryadi,24,Bandung,2002-06-14,2027-04-30,8 minggu,Perum Duta Asri Cadas Blok B,Tidak ada,Hipertensi,148,7,0,0,130,82,2,KRR,Tidak,Tidak,Tidak,Tidak,Ya,Tidak,Tidak,Tidak
BUMIL-061,Sri Lestari,3603188219282055,Asep Saputra,21,Cirebon,2005-09-10,2026-12-18,27 minggu,Perum Duta Asri Cadas Blok C,Tidak ada,Gastritis,144,3,3,0,125,77,6,KRT,Tidak,Tidak,Tidak,Tidak,Ya,Tidak,Tidak,Tidak
BUMIL-062,Bunga Utami,3603694126611586,Tri Permana,31,Bogor,1995-03-07,2027-02-12,19 minggu,Perum Duta Asri Cadas Blok A,Dingin,Hipertensi,153,0,1,0,140,95,6,KRT,Tidak,Tidak,Tidak,Tidak,Ya,Tidak,Tidak,Tidak
BUMIL-063,Siti Puspita,3603625619734196,Budi Hidayat,17,Serang,2009-07-18,2026-11-13,32 minggu,Lebak Wangi RT04/08,Seafood,Anemia,151,4,3,0,140,94,6,KRT,Tidak,Tidak,Tidak,Tidak,Ya,Tidak,Tidak,Tidak
BUMIL-064,Maya Puspita,3603344374238950,Hendra Kurniawan,32,Semarang,1994-08-15,2027-02-05,20 minggu,Perum Duta Asri Cadas Blok D,Tidak ada,Tidak ada,147,4,3,0,140,91,6,KRT,Tidak,Tidak,Tidak,Tidak,Tidak,Tidak,Tidak,Tidak
BUMIL-065,Dian Mulyani,3603686788125561,Dwi Saputra,17,Jakarta,2009-05-17,2026-12-18,27 minggu,Perum Duta Asri Cadas Blok D,Tidak ada,Hipertensi,152,9,4,0,115,79,6,KRT,Tidak,Tidak,Tidak,Tidak,Ya,Tidak,Tidak,Tidak
BUMIL-066,Bunga Rahma,3603610529239139,Rizal Santoso,22,Tangerang,2004-04-26,2027-04-02,12 minggu,Lebak Wangi RT04/08,Penisilin,Tidak ada,141,4,3,0,145,94,10,KRT,Tidak,Tidak,Tidak,Tidak,Tidak,Tidak,Tidak,Tidak
BUMIL-067,Yuni Utami,3603925828823896,Sandi Pratama,30,Cirebon,1996-08-14,2026-10-30,34 minggu,Lebak Wangi RT08/08,Seafood,Tidak ada,148,1,3,1,150,92,14,KRST,Tidak,Tidak,Tidak,Tidak,Tidak,Tidak,Tidak,Tidak
BUMIL-068,Mega Hidayah,3603175806791671,Budi Purnama,41,Jakarta,1985-03-21,2026-12-11,28 minggu,Perum Duta Asri Cadas Blok D,Seafood,Tidak ada,160,0,0,0,125,79,6,KRT,Tidak,Tidak,Tidak,Tidak,Tidak,Tidak,Tidak,Tidak
BUMIL-069,Siti Puspita,3603362647482251,Fajar Nugroho,21,Tangerang,2005-03-26,2026-10-16,36 minggu,Lebak Wangi RT09/08,Tidak ada,Tidak ada,155,10,0,0,160,102,6,KRT,Tidak,Tidak,Tidak,Tidak,Tidak,Tidak,Tidak,Ya
BUMIL-070,Ayu Mulyani,3603942914148319,Wawan Permana,28,Surakarta,1998-08-05,2026-11-20,31 minggu,Lebak Wangi RT09/08,Dingin,Anemia,145,9,4,0,115,71,6,KRT,Tidak,Tidak,Tidak,Tidak,Ya,Tidak,Tidak,Tidak
BUMIL-071,Eka Sartika,3603128255235797,Fajar Kusuma,26,Surakarta,2000-08-20,2026-11-13,32 minggu,Lebak Wangi RT08/08,Tidak ada,Diabetes,158,10,3,0,125,77,2,KRR,Tidak,Tidak,Tidak,Tidak,Ya,Tidak,Tidak,Tidak
BUMIL-072,Ratna Sartika,3603949102978448,Hadi Firmansyah,26,Serang,2000-08-09,2026-11-27,30 minggu,Perum Duta Asri Cadas Blok D,Udang,Diabetes,167,10,4,0,160,99,10,KRT,Tidak,Tidak,Tidak,Tidak,Ya,Tidak,Tidak,Ya
BUMIL-073,Mega Suryani,3603827689342568,Wawan Wijaya,28,Serang,1998-11-08,2027-03-19,14 minggu,Lebak Wangi RT04/08,Tidak ada,Anemia,142,8,5,0,140,93,14,KRST,Tidak,Tidak,Tidak,Tidak,Ya,Tidak,Tidak,Tidak
BUMIL-074,Nurul Utami,3603499263542423,Rizal Setiawan,37,Bekasi,1989-06-18,2027-04-30,8 minggu,Lebak Wangi RT07/08,Tidak ada,Tidak ada,168,7,5,1,120,81,14,KRST,Tidak,Tidak,Tidak,Tidak,Tidak,Tidak,Tidak,Tidak
BUMIL-075,Sri Puspita,3603952714959642,Indra Kurniawan,32,Semarang,1994-02-14,2027-02-12,19 minggu,Lebak Wangi RT07/08,Tidak ada,Tidak ada,154,6,5,0,135,85,6,KRT,Tidak,Tidak,Tidak,Tidak,Tidak,Tidak,Tidak,Tidak
BUMIL-076,Rina Wulandari,3603597707816158,Sandi Susanto,24,Tangerang,2002-07-13,2026-10-30,34 minggu,Perum Duta Asri Cadas Blok D,Dingin,Asthma,164,7,4,0,140,91,10,KRT,Tidak,Tidak,Tidak,Tidak,Ya,Tidak,Tidak,Tidak
BUMIL-077,Siti Kusuma,3603460137100173,Joko Hidayat,22,Cirebon,2004-08-01,2026-10-16,36 minggu,Lebak Wangi RT07/08,Udang,Gastritis,155,3,2,0,135,86,2,KRR,Tidak,Tidak,Tidak,Tidak,Ya,Tidak,Tidak,Tidak
BUMIL-078,Sri Suryani,3603666979281770,Hadi Hidayat,23,Cirebon,2003-10-08,2027-01-29,21 minggu,Lebak Wangi RT08/08,Tidak ada,Asthma,142,3,5,0,150,95,14,KRST,Tidak,Tidak,Tidak,Tidak,Ya,Tidak,Tidak,Tidak
BUMIL-079,Kartika Anggraini,3603639928251843,Tri Susanto,31,Bogor,1995-06-22,2026-12-18,27 minggu,Lebak Wangi RT08/08,Tidak ada,Gastritis,165,0,0,0,130,82,2,KRR,Tidak,Tidak,Tidak,Tidak,Ya,Tidak,Tidak,Tidak
BUMIL-080,Dian Mulyani,3603436052436803,Sandi Permana,38,Tangerang,1988-01-13,2027-01-08,24 minggu,Lebak Wangi RT02/08,Seafood,Tidak ada,158,5,3,0,135,88,6,KRT,Tidak,Tidak,Tidak,Tidak,Tidak,Tidak,Tidak,Tidak
BUMIL-081,Maya Lestari,3603870310160681,Bambang Kusuma,31,Bandung,1995-08-06,2027-05-07,7 minggu,Lebak Wangi RT04/08,Penisilin,Anemia,148,4,2,1,125,81,6,KRT,Tidak,Tidak,Tidak,Tidak,Ya,Tidak,Tidak,Tidak
BUMIL-082,Nurul Mulyani,3603859187823548,Tri Hidayat,22,Cirebon,2004-06-25,2026-10-30,34 minggu,Lebak Wangi RT05/08,Tidak ada,Diabetes,146,3,5,0,160,107,10,KRT,Tidak,Tidak,Tidak,Tidak,Ya,Tidak,Tidak,Ya
BUMIL-083,Eka Sartika,3603314029509095,Agus Saputra,26,Bekasi,2000-01-24,2027-01-15,23 minggu,Perum Duta Asri Cadas Blok B,Tidak ada,Tidak ada,147,5,1,0,150,94,6,KRT,Tidak,Tidak,Tidak,Tidak,Tidak,Tidak,Tidak,Tidak
BUMIL-084,Sri Aminah,3603160019139722,Budi Suryadi,34,Bogor,1992-01-08,2027-04-02,12 minggu,Lebak Wangi RT04/08,Tidak ada,Diabetes,149,2,5,0,145,90,10,KRT,Tidak,Tidak,Tidak,Tidak,Ya,Tidak,Tidak,Tidak
BUMIL-085,Siti Puspita,3603616617303633,Hendra Nugroho,32,Serang,1994-11-04,2027-01-08,24 minggu,Perum Duta Asri Cadas Blok D,Debu,Tidak ada,154,5,1,0,130,86,2,KRR,Tidak,Tidak,Tidak,Tidak,Tidak,Tidak,Tidak,Tidak
BUMIL-086,Nurul Sartika,3603638591937347,Eko Wibowo,19,Bogor,2007-10-20,2026-10-16,36 minggu,Lebak Wangi RT05/08,Tidak ada,Tidak ada,158,10,5,1,120,82,10,KRT,Tidak,Tidak,Tidak,Tidak,Tidak,Tidak,Tidak,Tidak
BUMIL-087,Eka Sartika,3603374851785492,Tri Kusuma,20,Bekasi,2006-05-19,2026-12-18,27 minggu,Lebak Wangi RT02/08,Dingin,Tidak ada,157,6,4,0,160,102,10,KRT,Tidak,Tidak,Tidak,Tidak,Tidak,Tidak,Tidak,Ya
BUMIL-088,Tari Utami,3603428318986734,Suryo Firmansyah,35,Yogyakarta,1991-02-23,2026-11-27,30 minggu,Perum Duta Asri Cadas Blok D,Tidak ada,Tidak ada,153,4,4,0,160,100,14,KRST,Tidak,Tidak,Tidak,Tidak,Tidak,Tidak,Tidak,Ya
BUMIL-089,Lestari Anggraini,3603388669155156,Joko Wijaya,38,Surakarta,1988-06-18,2027-02-12,19 minggu,Perum Duta Asri Cadas Blok B,Debu,Tidak ada,142,2,1,1,115,71,14,KRST,Tidak,Tidak,Tidak,Tidak,Tidak,Tidak,Tidak,Tidak
BUMIL-090,Siti Utami,3603857849142762,Eko Kusuma,36,Bandung,1990-07-27,2027-01-29,21 minggu,Perum Duta Asri Cadas Blok B,Penisilin,Tidak ada,155,4,0,0,125,80,6,KRT,Tidak,Tidak,Tidak,Tidak,Tidak,Tidak,Tidak,Tidak
BUMIL-091,Eka Mulyani,3603601908189135,Fajar Permana,19,Serang,2007-07-06,2026-12-04,29 minggu,Perum Duta Asri Cadas Blok A,Udang,Diabetes,161,3,2,0,170,114,6,KRT,Tidak,Tidak,Tidak,Tidak,Ya,Tidak,Tidak,Ya
BUMIL-092,Lestari Utami,3603697493414595,Sandi Hidayat,24,Bandung,2002-08-14,2026-11-13,32 minggu,Lebak Wangi RT04/08,Tidak ada,Hipertensi,160,2,2,0,115,69,2,KRR,Tidak,Tidak,Tidak,Tidak,Ya,Tidak,Tidak,Tidak
BUMIL-093,Fitri Wulandari,3603922894448206,Wawan Suryadi,35,Yogyakarta,1991-08-08,2026-11-27,30 minggu,Perum Duta Asri Cadas Blok B,Seafood,Anemia,149,7,0,0,145,93,10,KRT,Tidak,Tidak,Tidak,Tidak,Ya,Tidak,Tidak,Tidak
BUMIL-094,Dian Wulandari,3603694854998490,Indra Setiawan,32,Semarang,1994-01-16,2026-11-06,33 minggu,Lebak Wangi RT04/08,Debu,Hipertensi,154,1,4,1,140,91,18,KRST,Tidak,Tidak,Tidak,Tidak,Ya,Tidak,Tidak,Tidak
BUMIL-095,Sri Aminah,3603349500349165,Dwi Susanto,38,Serang,1988-06-09,2026-10-30,34 minggu,Lebak Wangi RT09/08,Tidak ada,Gastritis,166,9,4,0,170,109,14,KRST,Tidak,Tidak,Tidak,Tidak,Ya,Tidak,Tidak,Ya
BUMIL-096,Dewi Rahma,3603668956468715,Asep Nugroho,37,Surakarta,1989-04-03,2027-03-26,13 minggu,Perum Duta Asri Cadas Blok D,Tidak ada,Diabetes,154,4,1,0,140,96,10,KRT,Tidak,Tidak,Tidak,Tidak,Ya,Tidak,Tidak,Tidak
BUMIL-097,Kartika Sartika,3603484270768628,Wawan Wibowo,30,Tangerang,1996-11-23,2027-01-29,21 minggu,Lebak Wangi RT02/08,Tidak ada,Tidak ada,150,5,5,1,120,78,10,KRT,Tidak,Tidak,Tidak,Tidak,Tidak,Tidak,Tidak,Tidak
BUMIL-098,Bunga Mulyani,3603415660635863,Suryo Permana,38,Yogyakarta,1988-07-23,2027-03-26,13 minggu,Lebak Wangi RT06/08,Penisilin,Gastritis,152,8,0,0,145,90,10,KRT,Tidak,Tidak,Tidak,Tidak,Ya,Tidak,Tidak,Tidak
BUMIL-099,Yuni Wulandari,3603225942501921,Aris Saputra,41,Bandung,1985-09-12,2027-02-12,19 minggu,Perum Duta Asri Cadas Blok C,Penisilin,Hipertensi,152,8,0,0,170,113,10,KRT,Tidak,Tidak,Tidak,Tidak,Ya,Tidak,Tidak,Ya
BUMIL-100,Ayu Utami,3603306391234982,Eko Susanto,33,Bekasi,1993-05-09,2027-03-26,13 minggu,Lebak Wangi RT06/08,Tidak ada,Gastritis,151,9,3,0,110,69,2,KRR,Tidak,Tidak,Tidak,Tidak,Ya,Tidak,Tidak,Tidak
BUMIL-101,Sri Suryani,3603582273412927,Hendra Susanto,39,Semarang,1987-12-06,2027-04-02,12 minggu,Lebak Wangi RT05/08,Dingin,Gastritis,155,1,0,0,170,114,14,KRST,Tidak,Tidak,Tidak,Tidak,Ya,Tidak,Tidak,Ya
BUMIL-102,Ratna Mulyani,3603439982645429,Hendra Hidayat,34,Bekasi,1992-10-10,2027-04-23,9 minggu,Lebak Wangi RT06/08,Tidak ada,Hipertensi,140,8,3,1,115,76,10,KRT,Tidak,Tidak,Tidak,Tidak,Ya,Tidak,Tidak,Tidak
BUMIL-103,Nurul Anggraini,3603271077752281,Rizal Hidayat,32,Tangerang,1994-01-23,2027-01-15,23 minggu,Lebak Wangi RT01/08,Udang,Hipertensi,162,4,4,0,140,93,10,KRT,Tidak,Tidak,Tidak,Tidak,Ya,Tidak,Tidak,Tidak
BUMIL-104,Kartika Hidayah,3603707552271685,Rudi Wijaya,21,Tangerang,2005-12-05,2026-12-25,26 minggu,Perum Duta Asri Cadas Blok A,Tidak ada,Diabetes,152,3,4,0,120,74,6,KRT,Tidak,Tidak,Tidak,Tidak,Ya,Tidak,Tidak,Tidak
BUMIL-105,Sri Utami,3603657434001695,Dedi Santoso,25,Serang,2001-08-15,2027-03-05,16 minggu,Lebak Wangi RT08/08,Tidak ada,Tidak ada,166,0,2,0,160,108,6,KRT,Tidak,Tidak,Tidak,Tidak,Tidak,Tidak,Tidak,Ya
BUMIL-106,Kartika Rahma,3603690328426008,Sandi Permana,32,Tangerang,1994-07-16,2027-04-30,8 minggu,Lebak Wangi RT03/08,Tidak ada,Hipertensi,151,5,4,0,140,93,10,KRT,Tidak,Tidak,Tidak,Tidak,Ya,Tidak,Tidak,Tidak
BUMIL-107,Yuni Hidayah,3603868716573635,Aris Wibowo,24,Cirebon,2002-02-08,2027-04-23,9 minggu,Perum Duta Asri Cadas Blok A,Dingin,Tidak ada,158,6,1,0,140,86,6,KRT,Tidak,Tidak,Tidak,Tidak,Tidak,Tidak,Tidak,Tidak
BUMIL-108,Yuni Mulyani,3603875125530792,Wawan Hidayat,42,Yogyakarta,1984-09-13,2027-02-05,20 minggu,Lebak Wangi RT07/08,Tidak ada,Tidak ada,152,6,5,0,170,107,14,KRST,Tidak,Tidak,Tidak,Tidak,Tidak,Tidak,Tidak,Ya
BUMIL-109,Kartika Aminah,3603650298037487,Hendra Permana,35,Bekasi,1991-10-24,2027-04-23,9 minggu,Lebak Wangi RT05/08,Tidak ada,Tidak ada,150,1,3,1,145,89,18,KRST,Tidak,Tidak,Tidak,Tidak,Tidak,Tidak,Tidak,Tidak
BUMIL-110,Anisa Utami,3603821000167049,Ahmad Setiawan,21,Tangerang,2005-04-06,2027-01-15,23 minggu,Lebak Wangi RT07/08,Penisilin,Diabetes,142,7,2,0,140,96,10,KRT,Tidak,Tidak,Tidak,Tidak,Ya,Tidak,Tidak,Tidak
BUMIL-111,Rina Lestari,3603842395153057,Suryo Susanto,34,Serang,1992-05-02,2027-03-26,13 minggu,Perum Duta Asri Cadas Blok C,Penisilin,Tidak ada,152,5,5,0,145,97,10,KRT,Tidak,Tidak,Tidak,Tidak,Tidak,Tidak,Tidak,Tidak
BUMIL-112,Dewi Puspita,3603357991902637,Bambang Wibowo,37,Yogyakarta,1989-11-08,2026-10-23,35 minggu,Perum Duta Asri Cadas Blok B,Tidak ada,Asthma,161,4,1,0,140,87,10,KRT,Tidak,Tidak,Tidak,Tidak,Ya,Tidak,Tidak,Tidak
BUMIL-113,Nurul Kusuma,3603860923742690,Rizal Purnama,26,Serang,2000-02-18,2027-03-26,13 minggu,Lebak Wangi RT03/08,Tidak ada,Tidak ada,168,0,0,0,135,82,2,KRR,Tidak,Tidak,Tidak,Tidak,Tidak,Tidak,Tidak,Tidak
BUMIL-114,Eka Lestari,3603574056332778,Dwi Susanto,21,Yogyakarta,2005-03-26,2027-03-12,15 minggu,Lebak Wangi RT05/08,Penisilin,Tidak ada,147,8,3,0,120,75,2,KRR,Tidak,Tidak,Tidak,Tidak,Tidak,Tidak,Tidak,Tidak
BUMIL-115,Fitri Sartika,3603780247848027,Tri Hidayat,38,Surakarta,1988-08-23,2027-03-12,15 minggu,Lebak Wangi RT09/08,Penisilin,Diabetes,147,7,4,1,145,99,18,KRST,Tidak,Tidak,Tidak,Tidak,Ya,Tidak,Tidak,Tidak
BUMIL-116,Sri Kusuma,3603831241060170,Asep Susanto,17,Bandung,2009-02-20,2027-05-07,7 minggu,Perum Duta Asri Cadas Blok A,Tidak ada,Tidak ada,168,7,2,0,120,74,2,KRR,Tidak,Tidak,Tidak,Tidak,Tidak,Tidak,Tidak,Tidak
BUMIL-117,Ayu Lestari,3603748487026122,Sandi Suryadi,26,Tangerang,2000-02-08,2026-10-16,36 minggu,Perum Duta Asri Cadas Blok D,Tidak ada,Tidak ada,160,6,5,0,130,82,6,KRT,Tidak,Tidak,Tidak,Tidak,Tidak,Tidak,Tidak,Tidak
BUMIL-118,Dian Kusuma,3603358156110078,Wawan Purnama,29,Serang,1997-03-16,2027-01-22,22 minggu,Lebak Wangi RT03/08,Dingin,Asthma,158,5,4,0,130,79,6,KRT,Tidak,Tidak,Tidak,Tidak,Ya,Tidak,Tidak,Tidak
BUMIL-119,Dian Wulandari,3603718510071124,Ahmad Nugroho,38,Bandung,1988-11-27,2027-01-29,21 minggu,Lebak Wangi RT07/08,Debu,Anemia,164,0,4,0,130,82,10,KRT,Tidak,Tidak,Tidak,Tidak,Ya,Tidak,Tidak,Tidak
BUMIL-120,Mega Hidayah,3603308892683171,Dedi Saputra,36,Cirebon,1990-11-04,2026-11-06,33 minggu,Perum Duta Asri Cadas Blok C,Penisilin,Hipertensi,148,10,5,0,170,107,14,KRST,Tidak,Tidak,Tidak,Tidak,Ya,Tidak,Tidak,Ya
BUMIL-121,Nurul Anggraini,3603145725684753,Aris Santoso,26,Semarang,2000-11-13,2026-11-13,32 minggu,Lebak Wangi RT02/08,Debu,Hipertensi,165,7,0,0,160,104,6,KRT,Tidak,Tidak,Tidak,Tidak,Ya,Tidak,Tidak,Ya
BUMIL-122,Anisa Sartika,3603426029368922,Tri Firmansyah,27,Surakarta,1999-06-04,2026-11-27,30 minggu,Lebak Wangi RT01/08,Udang,Diabetes,163,6,1,1,150,97,10,KRT,Tidak,Tidak,Tidak,Tidak,Ya,Tidak,Tidak,Tidak
BUMIL-123,Tari Suryani,3603400276140106,Fajar Saputra,22,Yogyakarta,2004-07-02,2027-04-02,12 minggu,Perum Duta Asri Cadas Blok D,Penisilin,Diabetes,148,7,2,0,135,83,2,KRR,Tidak,Tidak,Tidak,Tidak,Ya,Tidak,Tidak,Tidak
BUMIL-124,Ayu Sartika,3603929533234908,Aris Setiawan,24,Serang,2002-01-07,2027-03-19,14 minggu,Lebak Wangi RT08/08,Penisilin,Tidak ada,167,10,5,0,140,94,10,KRT,Tidak,Tidak,Tidak,Tidak,Tidak,Tidak,Tidak,Tidak
BUMIL-125,Mega Sartika,3603537187650084,Hadi Susanto,17,Bogor,2009-01-21,2027-01-01,25 minggu,Lebak Wangi RT05/08,Udang,Tidak ada,148,8,0,0,145,94,6,KRT,Tidak,Tidak,Tidak,Tidak,Tidak,Tidak,Tidak,Tidak
BUMIL-126,Sri Puspita,3603217559584131,Hadi Firmansyah,38,Jakarta,1988-09-14,2027-04-30,8 minggu,Lebak Wangi RT08/08,Tidak ada,Tidak ada,147,7,0,0,160,107,10,KRT,Tidak,Tidak,Tidak,Tidak,Tidak,Tidak,Tidak,Ya
BUMIL-127,Yuni Puspita,3603809620368716,Fajar Susanto,19,Serang,2007-08-23,2027-03-12,15 minggu,Lebak Wangi RT07/08,Penisilin,Diabetes,160,7,5,0,140,87,10,KRT,Tidak,Tidak,Tidak,Tidak,Ya,Tidak,Tidak,Tidak
BUMIL-128,Anisa Aminah,3603142718868029,Rizal Kusuma,26,Bekasi,2000-04-15,2027-01-15,23 minggu,Perum Duta Asri Cadas Blok A,Udang,Tidak ada,155,1,0,0,125,84,6,KRT,Tidak,Tidak,Tidak,Tidak,Tidak,Tidak,Tidak,Tidak
BUMIL-129,Anisa Utami,3603505675310918,Asep Saputra,38,Surakarta,1988-02-09,2026-11-27,30 minggu,Lebak Wangi RT05/08,Tidak ada,Hipertensi,163,8,3,0,120,79,6,KRT,Tidak,Tidak,Tidak,Tidak,Ya,Tidak,Tidak,Tidak
BUMIL-130,Nurul Kusuma,3603549320804913,Sandi Suryadi,25,Semarang,2001-12-10,2026-11-13,32 minggu,Lebak Wangi RT03/08,Penisilin,Gastritis,141,5,1,0,125,81,6,KRT,Tidak,Tidak,Tidak,Tidak,Ya,Tidak,Tidak,Tidak
BUMIL-131,Nurul Anggraini,3603698578145774,Aris Wibowo,37,Surakarta,1989-08-12,2027-03-05,16 minggu,Lebak Wangi RT07/08,Penisilin,Anemia,151,0,3,0,115,76,6,KRT,Tidak,Tidak,Tidak,Tidak,Ya,Tidak,Tidak,Tidak
BUMIL-132,Rina Anggraini,3603805285624090,Sandi Kusuma,37,Bekasi,1989-04-23,2027-03-26,13 minggu,Perum Duta Asri Cadas Blok D,Seafood,Tidak ada,159,0,0,0,135,85,6,KRT,Tidak,Tidak,Tidak,Tidak,Tidak,Tidak,Tidak,Tidak
BUMIL-133,Anisa Puspita,3603173895795270,Tri Kusuma,41,Bogor,1985-06-24,2027-01-29,21 minggu,Lebak Wangi RT08/08,Tidak ada,Tidak ada,157,3,4,1,125,81,14,KRST,Tidak,Tidak,Tidak,Tidak,Tidak,Tidak,Tidak,Tidak
BUMIL-134,Anisa Puspita,3603400659889315,Eko Firmansyah,21,Semarang,2005-09-19,2027-03-05,16 minggu,Lebak Wangi RT02/08,Udang,Diabetes,144,8,2,0,115,79,6,KRT,Tidak,Tidak,Tidak,Tidak,Ya,Tidak,Tidak,Tidak
BUMIL-135,Siti Rahma,3603490905848547,Asep Firmansyah,42,Bogor,1984-01-24,2027-04-16,10 minggu,Lebak Wangi RT02/08,Penisilin,Hipertensi,165,3,4,0,120,77,10,KRT,Tidak,Tidak,Tidak,Tidak,Ya,Tidak,Tidak,Tidak
BUMIL-136,Dewi Rahma,3603562747155483,Tri Permana,33,Jakarta,1993-06-20,2026-12-11,28 minggu,Lebak Wangi RT06/08,Udang,Asthma,143,1,3,0,135,90,10,KRT,Tidak,Tidak,Tidak,Tidak,Ya,Tidak,Tidak,Tidak
BUMIL-137,Nurul Kusuma,3603342682139286,Rudi Firmansyah,36,Surakarta,1990-06-21,2026-12-11,28 minggu,Lebak Wangi RT01/08,Dingin,Tidak ada,141,10,4,0,170,105,18,KRST,Tidak,Tidak,Tidak,Tidak,Tidak,Tidak,Tidak,Ya
BUMIL-138,Dewi Kusuma,3603541725783739,Suryo Pratama,30,Jakarta,1996-04-21,2026-12-18,27 minggu,Lebak Wangi RT07/08,Tidak ada,Tidak ada,161,1,3,0,145,90,10,KRT,Tidak,Tidak,Tidak,Tidak,Tidak,Tidak,Tidak,Tidak
BUMIL-139,Rina Lestari,3603261526407509,Suryo Purnama,19,Tangerang,2007-08-06,2026-12-11,28 minggu,Lebak Wangi RT01/08,Debu,Tidak ada,144,4,4,0,150,97,14,KRST,Tidak,Tidak,Tidak,Tidak,Tidak,Tidak,Tidak,Tidak
BUMIL-140,Dian Puspita,3603424401271462,Asep Setiawan,31,Bekasi,1995-05-12,2027-02-26,17 minggu,Lebak Wangi RT09/08,Seafood,Tidak ada,156,9,3,1,115,79,6,KRT,Tidak,Tidak,Tidak,Tidak,Tidak,Tidak,Tidak,Tidak
BUMIL-141,Maya Mulyani,3603339940462494,Dwi Firmansyah,30,Cirebon,1996-03-06,2027-04-30,8 minggu,Perum Duta Asri Cadas Blok A,Tidak ada,Diabetes,154,3,3,0,145,95,6,KRT,Tidak,Tidak,Tidak,Tidak,Ya,Tidak,Tidak,Tidak
BUMIL-142,Bunga Mulyani,3603444005774255,Wawan Permana,30,Serang,1996-10-05,2027-03-26,13 minggu,Lebak Wangi RT08/08,Tidak ada,Tidak ada,150,10,2,0,120,83,2,KRR,Tidak,Tidak,Tidak,Tidak,Tidak,Tidak,Tidak,Tidak
BUMIL-143,Kartika Sartika,3603199150884956,Aris Setiawan,30,Jakarta,1996-08-10,2026-12-18,27 minggu,Lebak Wangi RT08/08,Debu,Hipertensi,143,5,1,0,160,107,10,KRT,Tidak,Tidak,Tidak,Tidak,Ya,Tidak,Tidak,Ya
BUMIL-144,Maya Lestari,3603236021671257,Bambang Nugroho,30,Serang,1996-11-14,2026-12-11,28 minggu,Lebak Wangi RT04/08,Seafood,Diabetes,151,10,3,0,110,70,2,KRR,Tidak,Tidak,Tidak,Tidak,Ya,Tidak,Tidak,Tidak
BUMIL-145,Eka Lestari,3603731805153549,Sandi Saputra,33,Yogyakarta,1993-02-08,2027-02-19,18 minggu,Lebak Wangi RT05/08,Tidak ada,Tidak ada,146,2,5,0,115,74,6,KRT,Tidak,Tidak,Tidak,Tidak,Tidak,Tidak,Tidak,Tidak
BUMIL-146,Maya Lestari,3603938012051386,Budi Suryadi,25,Tangerang,2001-11-13,2027-03-19,14 minggu,Perum Duta Asri Cadas Blok A,Penisilin,Hipertensi,158,3,3,0,160,108,6,KRT,Tidak,Tidak,Tidak,Tidak,Ya,Tidak,Tidak,Ya
BUMIL-147,Maya Aminah,3603395036212198,Joko Pratama,17,Bekasi,2009-04-20,2026-11-20,31 minggu,Perum Duta Asri Cadas Blok A,Tidak ada,Tidak ada,145,4,5,0,135,87,6,KRT,Tidak,Tidak,Tidak,Tidak,Tidak,Tidak,Tidak,Tidak
BUMIL-148,Siti Rahma,3603258354854541,Agus Hidayat,35,Semarang,1991-11-04,2026-10-30,34 minggu,Lebak Wangi RT01/08,Dingin,Anemia,161,6,0,0,120,83,6,KRT,Tidak,Tidak,Tidak,Tidak,Ya,Tidak,Tidak,Tidak
BUMIL-149,Siti Sartika,3603683025110578,Suryo Saputra,23,Cirebon,2003-12-05,2027-04-30,8 minggu,Lebak Wangi RT03/08,Tidak ada,Tidak ada,152,6,3,0,135,86,2,KRR,Tidak,Tidak,Tidak,Tidak,Tidak,Tidak,Tidak,Tidak
BUMIL-150,Yuni Puspita,3603192755074844,Fajar Purnama,18,Serang,2008-09-12,2027-01-22,22 minggu,Lebak Wangi RT03/08,Tidak ada,Diabetes,144,2,4,1,115,73,14,KRST,Tidak,Tidak,Tidak,Tidak,Ya,Tidak,Tidak,Tidak
BUMIL-151,Ayu Anggraini,3603634397074282,Indra Wibowo,36,Jakarta,1990-05-24,2026-11-06,33 minggu,Lebak Wangi RT08/08,Tidak ada,Tidak ada,154,6,2,1,150,93,14,KRST,Tidak,Tidak,Tidak,Tidak,Tidak,Tidak,Tidak,Tidak
BUMIL-152,Mega Utami,3603409713913259,Tri Firmansyah,38,Surakarta,1988-04-28,2026-12-18,27 minggu,Lebak Wangi RT06/08,Tidak ada,Asthma,161,9,3,0,130,79,6,KRT,Tidak,Tidak,Tidak,Tidak,Ya,Tidak,Tidak,Tidak
BUMIL-153,Ratna Utami,3603761358158184,Eko Nugroho,18,Bandung,2008-01-09,2027-01-15,23 minggu,Perum Duta Asri Cadas Blok B,Tidak ada,Asthma,140,3,2,0,120,77,6,KRT,Tidak,Tidak,Tidak,Tidak,Ya,Tidak,Tidak,Tidak
BUMIL-154,Eka Lestari,3603104810296150,Hadi Nugroho,32,Tangerang,1994-11-12,2027-04-23,9 minggu,Perum Duta Asri Cadas Blok A,Udang,Anemia,163,6,1,1,150,95,10,KRT,Tidak,Tidak,Tidak,Tidak,Ya,Tidak,Tidak,Tidak
BUMIL-155,Tari Suryani,3603838018636669,Ahmad Permana,42,Semarang,1984-10-08,2026-12-25,26 minggu,Perum Duta Asri Cadas Blok C,Tidak ada,Asthma,151,1,3,0,110,72,10,KRT,Tidak,Tidak,Tidak,Tidak,Ya,Tidak,Tidak,Tidak
BUMIL-156,Siti Kusuma,3603185560741164,Agus Hidayat,27,Semarang,1999-02-05,2027-05-07,7 minggu,Lebak Wangi RT02/08,Tidak ada,Tidak ada,158,6,4,0,170,111,10,KRT,Tidak,Tidak,Tidak,Tidak,Tidak,Tidak,Tidak,Ya
BUMIL-157,Eka Sartika,3603123214436995,Wawan Saputra,27,Surakarta,1999-09-05,2027-02-19,18 minggu,Lebak Wangi RT07/08,Dingin,Tidak ada,145,9,3,0,135,83,2,KRR,Tidak,Tidak,Tidak,Tidak,Tidak,Tidak,Tidak,Tidak
BUMIL-158,Bunga Sartika,3603577786406153,Rudi Suryadi,35,Cirebon,1991-07-21,2027-04-23,9 minggu,Lebak Wangi RT05/08,Tidak ada,Anemia,152,8,0,0,140,90,10,KRT,Tidak,Tidak,Tidak,Tidak,Ya,Tidak,Tidak,Tidak
BUMIL-159,Yuni Hidayah,3603956129010748,Hadi Firmansyah,22,Bandung,2004-04-15,2027-02-05,20 minggu,Lebak Wangi RT02/08,Debu,Gastritis,142,8,5,1,150,95,18,KRST,Tidak,Tidak,Tidak,Tidak,Ya,Tidak,Tidak,Tidak
BUMIL-160,Mega Lestari,3603812186961287,Tri Hidayat,21,Bekasi,2005-11-12,2027-05-07,7 minggu,Lebak Wangi RT02/08,Penisilin,Tidak ada,147,1,1,0,120,82,6,KRT,Tidak,Tidak,Tidak,Tidak,Tidak,Tidak,Tidak,Tidak
BUMIL-161,Anisa Anggraini,3603293597168175,Dwi Santoso,41,Tangerang,1985-11-07,2026-12-25,26 minggu,Perum Duta Asri Cadas Blok D,Debu,Tidak ada,160,7,3,0,160,106,10,KRT,Tidak,Tidak,Tidak,Tidak,Tidak,Tidak,Tidak,Ya
BUMIL-162,Yuni Anggraini,3603264566563474,Hendra Wijaya,31,Surakarta,1995-03-26,2027-01-08,24 minggu,Lebak Wangi RT04/08,Dingin,Tidak ada,142,7,3,0,130,88,6,KRT,Tidak,Tidak,Tidak,Tidak,Tidak,Tidak,Tidak,Tidak
BUMIL-163,Dewi Lestari,3603179488406665,Rizal Wibowo,26,Yogyakarta,2000-04-11,2026-11-27,30 minggu,Lebak Wangi RT01/08,Tidak ada,Tidak ada,154,7,0,0,110,71,2,KRR,Tidak,Tidak,Tidak,Tidak,Tidak,Tidak,Tidak,Tidak
BUMIL-164,Eka Sartika,3603774697686009,Dedi Wijaya,36,Tangerang,1990-03-18,2027-03-19,14 minggu,Lebak Wangi RT03/08,Tidak ada,Anemia,156,6,3,0,110,73,6,KRT,Tidak,Tidak,Tidak,Tidak,Ya,Tidak,Tidak,Tidak
BUMIL-165,Lestari Lestari,3603622289523089,Budi Setiawan,33,Serang,1993-04-19,2027-03-05,16 minggu,Lebak Wangi RT01/08,Tidak ada,Asthma,144,0,3,1,135,83,10,KRT,Tidak,Tidak,Tidak,Tidak,Ya,Tidak,Tidak,Tidak
BUMIL-166,Tari Anggraini,3603143690807851,Ahmad Nugroho,24,Semarang,2002-09-04,2026-12-04,29 minggu,Perum Duta Asri Cadas Blok D,Debu,Gastritis,162,7,3,0,160,101,6,KRT,Tidak,Tidak,Tidak,Tidak,Ya,Tidak,Tidak,Ya
BUMIL-167,Mega Lestari,3603413180153817,Fajar Pratama,29,Yogyakarta,1997-10-04,2027-02-05,20 minggu,Lebak Wangi RT01/08,Udang,Hipertensi,153,5,5,0,170,115,10,KRT,Tidak,Tidak,Tidak,Tidak,Ya,Tidak,Tidak,Ya
BUMIL-168,Yuni Sartika,3603204495226137,Budi Santoso,34,Semarang,1992-08-21,2026-10-16,36 minggu,Lebak Wangi RT07/08,Seafood,Tidak ada,161,6,2,0,170,114,6,KRT,Tidak,Tidak,Tidak,Tidak,Tidak,Tidak,Tidak,Ya
BUMIL-169,Anisa Lestari,3603740300175457,Wawan Wijaya,38,Jakarta,1988-08-23,2026-10-23,35 minggu,Lebak Wangi RT06/08,Dingin,Tidak ada,144,5,2,0,170,111,14,KRST,Tidak,Tidak,Tidak,Tidak,Tidak,Tidak,Tidak,Ya
BUMIL-170,Anisa Puspita,3603439666281776,Dwi Permana,34,Yogyakarta,1992-02-05,2027-03-19,14 minggu,Lebak Wangi RT09/08,Debu,Asthma,152,10,2,0,170,115,6,KRT,Tidak,Tidak,Tidak,Tidak,Ya,Tidak,Tidak,Ya
BUMIL-171,Tari Sartika,3603837214063081,Wawan Kurniawan,30,Yogyakarta,1996-10-17,2027-03-12,15 minggu,Lebak Wangi RT07/08,Tidak ada,Tidak ada,156,5,0,0,135,86,2,KRR,Tidak,Tidak,Tidak,Tidak,Tidak,Tidak,Tidak,Tidak
BUMIL-172,Fitri Hidayah,3603635866560574,Aris Susanto,23,Bekasi,2003-11-21,2026-10-30,34 minggu,Lebak Wangi RT07/08,Penisilin,Tidak ada,147,2,1,1,115,77,6,KRT,Tidak,Tidak,Tidak,Tidak,Tidak,Tidak,Tidak,Tidak
BUMIL-173,Maya Mulyani,3603679321003667,Wawan Kusuma,18,Cirebon,2008-07-11,2026-11-13,32 minggu,Perum Duta Asri Cadas Blok C,Tidak ada,Anemia,161,5,4,1,140,88,14,KRST,Tidak,Tidak,Tidak,Tidak,Ya,Tidak,Tidak,Tidak
BUMIL-174,Fitri Rahma,3603863779811221,Bambang Saputra,41,Bogor,1985-07-11,2026-12-18,27 minggu,Perum Duta Asri Cadas Blok B,Penisilin,Tidak ada,159,2,5,0,140,91,14,KRST,Tidak,Tidak,Tidak,Tidak,Tidak,Tidak,Tidak,Tidak
BUMIL-175,Ratna Kusuma,3603411860132678,Ahmad Kusuma,41,Jakarta,1985-02-27,2027-04-30,8 minggu,Perum Duta Asri Cadas Blok C,Debu,Tidak ada,163,7,1,0,130,86,6,KRT,Tidak,Tidak,Tidak,Tidak,Tidak,Tidak,Tidak,Tidak
BUMIL-176,Lestari Lestari,3603608698492376,Aris Kurniawan,41,Bandung,1985-09-02,2027-01-08,24 minggu,Perum Duta Asri Cadas Blok B,Tidak ada,Asthma,149,6,4,0,120,76,10,KRT,Tidak,Tidak,Tidak,Tidak,Ya,Tidak,Tidak,Tidak
BUMIL-177,Anisa Wulandari,3603804598747085,Asep Firmansyah,32,Tangerang,1994-06-28,2026-12-18,27 minggu,Lebak Wangi RT05/08,Dingin,Hipertensi,167,5,4,0,150,93,10,KRT,Tidak,Tidak,Tidak,Tidak,Ya,Tidak,Tidak,Tidak
BUMIL-178,Eka Sartika,3603279371220970,Fajar Pratama,25,Bogor,2001-06-04,2027-01-08,24 minggu,Perum Duta Asri Cadas Blok B,Penisilin,Tidak ada,154,8,1,0,115,72,2,KRR,Tidak,Tidak,Tidak,Tidak,Tidak,Tidak,Tidak,Tidak
BUMIL-179,Ayu Lestari,3603129766150285,Aris Saputra,30,Jakarta,1996-02-12,2026-11-06,33 minggu,Perum Duta Asri Cadas Blok D,Tidak ada,Tidak ada,141,6,4,0,140,87,14,KRST,Tidak,Tidak,Tidak,Tidak,Tidak,Tidak,Tidak,Tidak
BUMIL-180,Mega Hidayah,3603448013415558,Dwi Suryadi,20,Surakarta,2006-07-28,2027-01-15,23 minggu,Lebak Wangi RT01/08,Dingin,Hipertensi,166,10,2,0,120,73,2,KRR,Tidak,Tidak,Tidak,Tidak,Ya,Tidak,Tidak,Tidak
BUMIL-181,Eka Kusuma,3603933819765494,Suryo Purnama,39,Bandung,1987-01-06,2027-03-19,14 minggu,Lebak Wangi RT06/08,Tidak ada,Tidak ada,155,7,4,1,115,69,14,KRST,Tidak,Tidak,Tidak,Tidak,Tidak,Tidak,Tidak,Tidak
BUMIL-182,Sri Hidayah,3603266794896461,Tri Wijaya,34,Bogor,1992-03-19,2026-12-18,27 minggu,Perum Duta Asri Cadas Blok C,Tidak ada,Tidak ada,163,9,4,0,130,82,6,KRT,Tidak,Tidak,Tidak,Tidak,Tidak,Tidak,Tidak,Tidak
BUMIL-183,Eka Sartika,3603362198087367,Tri Kusuma,30,Semarang,1996-12-17,2027-04-02,12 minggu,Lebak Wangi RT06/08,Tidak ada,Anemia,160,9,3,1,145,98,10,KRT,Tidak,Tidak,Tidak,Tidak,Ya,Tidak,Tidak,Tidak
BUMIL-184,Maya Aminah,3603665354941578,Sandi Suryadi,35,Jakarta,1991-05-24,2027-03-05,16 minggu,Lebak Wangi RT01/08,Tidak ada,Tidak ada,147,2,2,0,160,104,10,KRT,Tidak,Tidak,Tidak,Tidak,Tidak,Tidak,Tidak,Ya
BUMIL-185,Ratna Puspita,3603303652607135,Ahmad Hidayat,38,Semarang,1988-10-02,2026-12-18,27 minggu,Perum Duta Asri Cadas Blok B,Seafood,Diabetes,161,1,4,0,115,77,14,KRST,Tidak,Tidak,Tidak,Tidak,Ya,Tidak,Tidak,Tidak
BUMIL-186,Maya Suryani,3603707770611156,Bambang Pratama,17,Surakarta,2009-10-15,2027-02-12,19 minggu,Lebak Wangi RT02/08,Debu,Asthma,152,7,0,0,170,111,6,KRT,Tidak,Tidak,Tidak,Tidak,Ya,Tidak,Tidak,Ya
BUMIL-187,Mega Wulandari,3603120389569524,Sandi Nugroho,28,Surakarta,1998-02-10,2026-12-18,27 minggu,Perum Duta Asri Cadas Blok B,Tidak ada,Tidak ada,165,1,2,1,170,115,14,KRST,Tidak,Tidak,Tidak,Tidak,Tidak,Tidak,Tidak,Ya
BUMIL-188,Nurul Puspita,3603932086292191,Agus Santoso,27,Bekasi,1999-04-13,2027-01-01,25 minggu,Lebak Wangi RT05/08,Tidak ada,Tidak ada,144,0,2,0,170,107,10,KRT,Tidak,Tidak,Tidak,Tidak,Tidak,Tidak,Tidak,Ya
BUMIL-189,Ayu Mulyani,3603793545010398,Eko Santoso,22,Semarang,2004-05-10,2027-03-05,16 minggu,Perum Duta Asri Cadas Blok C,Seafood,Tidak ada,165,2,0,0,145,89,6,KRT,Tidak,Tidak,Tidak,Tidak,Tidak,Tidak,Tidak,Tidak
BUMIL-190,Eka Hidayah,3603967771540310,Hadi Kurniawan,23,Surakarta,2003-03-13,2027-01-15,23 minggu,Perum Duta Asri Cadas Blok B,Debu,Tidak ada,168,0,2,0,150,98,6,KRT,Tidak,Tidak,Tidak,Tidak,Tidak,Tidak,Tidak,Tidak
BUMIL-191,Maya Kusuma,3603139742680014,Agus Kusuma,41,Tangerang,1985-07-28,2026-12-04,29 minggu,Lebak Wangi RT08/08,Tidak ada,Anemia,160,3,2,0,110,76,6,KRT,Tidak,Tidak,Tidak,Tidak,Ya,Tidak,Tidak,Tidak
BUMIL-192,Yuni Wulandari,3603976707944458,Tri Susanto,28,Cirebon,1998-10-14,2027-01-08,24 minggu,Lebak Wangi RT05/08,Tidak ada,Asthma,153,6,5,0,140,91,10,KRT,Tidak,Tidak,Tidak,Tidak,Ya,Tidak,Tidak,Tidak
BUMIL-193,Fitri Kusuma,3603648433258112,Dwi Nugroho,28,Bandung,1998-01-11,2027-04-09,11 minggu,Lebak Wangi RT02/08,Seafood,Tidak ada,165,8,2,0,140,87,6,KRT,Tidak,Tidak,Tidak,Tidak,Tidak,Tidak,Tidak,Tidak
BUMIL-194,Bunga Puspita,3603697775508839,Tri Kurniawan,26,Jakarta,2000-04-14,2027-01-08,24 minggu,Lebak Wangi RT07/08,Tidak ada,Anemia,150,1,0,0,135,92,6,KRT,Tidak,Tidak,Tidak,Tidak,Ya,Tidak,Tidak,Tidak
BUMIL-195,Eka Wulandari,3603763340157198,Dedi Wijaya,39,Surakarta,1987-04-11,2026-11-27,30 minggu,Perum Duta Asri Cadas Blok B,Tidak ada,Gastritis,153,2,5,0,145,89,14,KRST,Tidak,Tidak,Tidak,Tidak,Ya,Tidak,Tidak,Tidak
BUMIL-196,Mega Puspita,3603581028394033,Joko Saputra,25,Bogor,2001-09-07,2026-10-30,34 minggu,Lebak Wangi RT04/08,Tidak ada,Tidak ada,160,0,0,0,170,115,6,KRT,Tidak,Tidak,Tidak,Tidak,Tidak,Tidak,Tidak,Ya
BUMIL-197,Dian Lestari,3603982671983350,Dwi Setiawan,40,Jakarta,1986-05-07,2027-04-09,11 minggu,Lebak Wangi RT03/08,Penisilin,Diabetes,161,2,0,0,120,82,6,KRT,Tidak,Tidak,Tidak,Tidak,Ya,Tidak,Tidak,Tidak
BUMIL-198,Ayu Aminah,3603173556597858,Wawan Permana,24,Yogyakarta,2002-10-25,2027-01-08,24 minggu,Perum Duta Asri Cadas Blok B,Dingin,Anemia,164,10,2,0,160,99,6,KRT,Tidak,Tidak,Tidak,Tidak,Ya,Tidak,Tidak,Ya
BUMIL-199,Anisa Anggraini,3603509615173560,Wawan Wijaya,31,Semarang,1995-11-11,2027-04-16,10 minggu,Lebak Wangi RT08/08,Tidak ada,Hipertensi,164,1,4,1,135,88,14,KRST,Tidak,Tidak,Tidak,Tidak,Ya,Tidak,Tidak,Tidak
BUMIL-200,Yuni Anggraini,3603371779903099,Fajar Wijaya,20,Serang,2006-10-02,2027-02-26,17 minggu,Lebak Wangi RT08/08,Penisilin,Tidak ada,140,2,3,0,150,93,10,KRT,Tidak,Tidak,Tidak,Tidak,Tidak,Tidak,Tidak,Tidak
BUMIL-201,Sri Wulandari,3603592650091135,Suryo Wijaya,23,Jakarta,2003-01-12,2026-11-13,32 minggu,Perum Duta Asri Cadas Blok A,Dingin,Gastritis,159,4,5,0,145,92,10,KRT,Tidak,Tidak,Tidak,Tidak,Ya,Tidak,Tidak,Tidak
BUMIL-202,Nurul Rahma,3603180972272366,Aris Wibowo,31,Tangerang,1995-07-15,2027-01-08,24 minggu,Lebak Wangi RT08/08,Dingin,Tidak ada,145,7,0,0,170,110,6,KRT,Tidak,Tidak,Tidak,Tidak,Tidak,Tidak,Tidak,Ya
BUMIL-203,Mega Mulyani,3603701574332654,Fajar Setiawan,34,Tangerang,1992-06-20,2027-01-29,21 minggu,Lebak Wangi RT08/08,Tidak ada,Anemia,149,4,1,0,170,107,6,KRT,Tidak,Tidak,Tidak,Tidak,Ya,Tidak,Tidak,Ya
BUMIL-204,Mega Suryani,3603234107096586,Dedi Santoso,23,Bekasi,2003-12-03,2027-01-22,22 minggu,Perum Duta Asri Cadas Blok C,Penisilin,Diabetes,165,2,1,0,110,71,2,KRR,Tidak,Tidak,Tidak,Tidak,Ya,Tidak,Tidak,Tidak
BUMIL-205,Maya Puspita,3603612685569631,Dedi Saputra,42,Bandung,1984-09-17,2027-01-01,25 minggu,Lebak Wangi RT05/08,Seafood,Asthma,157,2,4,0,115,73,10,KRT,Tidak,Tidak,Tidak,Tidak,Ya,Tidak,Tidak,Tidak
BUMIL-206,Dian Mulyani,3603627073531786,Agus Wibowo,33,Bandung,1993-06-22,2027-01-01,25 minggu,Lebak Wangi RT02/08,Debu,Tidak ada,153,6,4,1,135,92,10,KRT,Tidak,Tidak,Tidak,Tidak,Tidak,Tidak,Tidak,Tidak
BUMIL-207,Rina Kusuma,3603849325047857,Suryo Hidayat,33,Yogyakarta,1993-09-22,2027-02-19,18 minggu,Lebak Wangi RT03/08,Debu,Tidak ada,151,2,4,0,120,75,6,KRT,Tidak,Tidak,Tidak,Tidak,Tidak,Tidak,Tidak,Tidak
BUMIL-208,Bunga Suryani,3603667468951032,Joko Hidayat,21,Cirebon,2005-10-22,2027-04-16,10 minggu,Lebak Wangi RT03/08,Dingin,Tidak ada,149,2,1,0,125,81,2,KRR,Tidak,Tidak,Tidak,Tidak,Tidak,Tidak,Tidak,Tidak
BUMIL-209,Tari Wulandari,3603189532603540,Indra Firmansyah,25,Bogor,2001-05-18,2027-02-19,18 minggu,Perum Duta Asri Cadas Blok B,Udang,Tidak ada,146,10,4,0,170,109,10,KRT,Tidak,Tidak,Tidak,Tidak,Tidak,Tidak,Tidak,Ya
BUMIL-210,Maya Sartika,3603806533171773,Fajar Saputra,22,Tangerang,2004-11-22,2027-02-12,19 minggu,Lebak Wangi RT06/08,Tidak ada,Tidak ada,158,9,1,1,160,108,10,KRT,Tidak,Tidak,Tidak,Tidak,Tidak,Tidak,Tidak,Ya
BUMIL-211,Yuni Puspita,3603133774683071,Rudi Pratama,19,Bekasi,2007-04-11,2026-10-16,36 minggu,Lebak Wangi RT03/08,Tidak ada,Tidak ada,141,10,4,0,125,85,10,KRT,Tidak,Tidak,Tidak,Tidak,Tidak,Tidak,Tidak,Tidak
BUMIL-212,Bunga Puspita,3603132809217364,Eko Kurniawan,32,Surakarta,1994-05-28,2026-11-20,31 minggu,Perum Duta Asri Cadas Blok C,Udang,Tidak ada,168,10,4,0,130,86,6,KRT,Tidak,Tidak,Tidak,Tidak,Tidak,Tidak,Tidak,Tidak
BUMIL-213,Ratna Anggraini,3603428161668610,Dwi Setiawan,31,Yogyakarta,1995-11-11,2026-10-30,34 minggu,Lebak Wangi RT07/08,Tidak ada,Tidak ada,142,0,1,0,145,96,10,KRT,Tidak,Tidak,Tidak,Tidak,Tidak,Tidak,Tidak,Tidak
BUMIL-214,Lestari Lestari,3603257224408651,Dwi Wibowo,27,Bogor,1999-03-27,2026-12-11,28 minggu,Perum Duta Asri Cadas Blok C,Penisilin,Tidak ada,167,5,5,0,135,88,6,KRT,Tidak,Tidak,Tidak,Tidak,Tidak,Tidak,Tidak,Tidak
BUMIL-215,Anisa Lestari,3603716392146155,Hadi Nugroho,20,Yogyakarta,2006-07-12,2026-12-18,27 minggu,Lebak Wangi RT05/08,Penisilin,Tidak ada,150,3,3,1,145,92,10,KRT,Tidak,Tidak,Tidak,Tidak,Tidak,Tidak,Tidak,Tidak
BUMIL-216,Anisa Sartika,3603418044927983,Rudi Purnama,29,Bekasi,1997-09-08,2027-03-12,15 minggu,Lebak Wangi RT06/08,Dingin,Diabetes,167,9,3,1,120,78,6,KRT,Tidak,Tidak,Tidak,Tidak,Ya,Tidak,Tidak,Tidak
BUMIL-217,Yuni Hidayah,3603275076273196,Tri Kurniawan,32,Surakarta,1994-08-25,2027-03-12,15 minggu,Lebak Wangi RT07/08,Tidak ada,Tidak ada,156,7,3,0,145,89,6,KRT,Tidak,Tidak,Tidak,Tidak,Tidak,Tidak,Tidak,Tidak
BUMIL-218,Rina Utami,3603604682041068,Bambang Santoso,24,Semarang,2002-10-05,2026-11-06,33 minggu,Lebak Wangi RT06/08,Udang,Tidak ada,146,9,2,1,130,86,6,KRT,Tidak,Tidak,Tidak,Tidak,Tidak,Tidak,Tidak,Tidak
BUMIL-219,Kartika Wulandari,3603110895003819,Eko Hidayat,20,Jakarta,2006-12-28,2027-01-22,22 minggu,Perum Duta Asri Cadas Blok D,Tidak ada,Hipertensi,153,2,2,0,140,91,6,KRT,Tidak,Tidak,Tidak,Tidak,Ya,Tidak,Tidak,Tidak
BUMIL-220,Dewi Utami,3603722989978517,Asep Wijaya,34,Bekasi,1992-08-17,2027-04-16,10 minggu,Lebak Wangi RT08/08,Debu,Tidak ada,146,5,4,0,140,94,10,KRT,Tidak,Tidak,Tidak,Tidak,Tidak,Tidak,Tidak,Tidak
BUMIL-221,Ayu Suryani,3603787147912287,Fajar Saputra,38,Bekasi,1988-07-02,2027-02-19,18 minggu,Lebak Wangi RT07/08,Tidak ada,Anemia,159,1,1,0,140,91,14,KRST,Tidak,Tidak,Tidak,Tidak,Ya,Tidak,Tidak,Tidak
BUMIL-222,Yuni Suryani,3603503464711934,Eko Firmansyah,41,Bandung,1985-04-01,2027-03-05,16 minggu,Perum Duta Asri Cadas Blok D,Tidak ada,Tidak ada,144,3,4,0,150,92,18,KRST,Tidak,Tidak,Tidak,Tidak,Tidak,Tidak,Tidak,Tidak
BUMIL-223,Dewi Aminah,3603882272614600,Rudi Susanto,27,Bogor,1999-01-10,2026-10-23,35 minggu,Perum Duta Asri Cadas Blok D,Penisilin,Diabetes,165,7,4,0,160,107,10,KRT,Tidak,Tidak,Tidak,Tidak,Ya,Tidak,Tidak,Ya
BUMIL-224,Anisa Lestari,3603774015096434,Ahmad Santoso,27,Serang,1999-10-01,2026-10-30,34 minggu,Lebak Wangi RT04/08,Tidak ada,Gastritis,145,6,4,0,130,88,6,KRT,Tidak,Tidak,Tidak,Tidak,Ya,Tidak,Tidak,Tidak
BUMIL-225,Yuni Suryani,3603661903224297,Asep Wijaya,34,Serang,1992-12-20,2027-01-22,22 minggu,Lebak Wangi RT04/08,Tidak ada,Tidak ada,155,9,2,0,110,71,2,KRR,Tidak,Tidak,Tidak,Tidak,Tidak,Tidak,Tidak,Tidak
BUMIL-226,Yuni Anggraini,3603741739153942,Dwi Nugroho,26,Jakarta,2000-01-08,2027-02-12,19 minggu,Lebak Wangi RT02/08,Penisilin,Gastritis,165,10,0,0,160,106,6,KRT,Tidak,Tidak,Tidak,Tidak,Ya,Tidak,Tidak,Ya
BUMIL-227,Sri Anggraini,3603738988750319,Sandi Pratama,35,Bogor,1991-01-21,2027-01-22,22 minggu,Lebak Wangi RT05/08,Seafood,Tidak ada,147,0,4,0,150,102,14,KRST,Tidak,Tidak,Tidak,Tidak,Tidak,Tidak,Tidak,Tidak
BUMIL-228,Dian Rahma,3603850853317874,Sandi Kusuma,24,Bogor,2002-10-12,2027-03-26,13 minggu,Perum Duta Asri Cadas Blok B,Tidak ada,Gastritis,141,9,5,1,110,73,14,KRST,Tidak,Tidak,Tidak,Tidak,Ya,Tidak,Tidak,Tidak
BUMIL-229,Yuni Utami,3603551621958390,Fajar Kurniawan,39,Surakarta,1987-06-03,2026-10-16,36 minggu,Perum Duta Asri Cadas Blok D,Udang,Gastritis,146,6,4,0,145,89,14,KRST,Tidak,Tidak,Tidak,Tidak,Ya,Tidak,Tidak,Tidak
BUMIL-230,Anisa Suryani,3603715070849168,Rudi Santoso,27,Cirebon,1999-01-13,2026-11-06,33 minggu,Lebak Wangi RT06/08,Tidak ada,Tidak ada,161,7,4,0,120,80,6,KRT,Tidak,Tidak,Tidak,Tidak,Tidak,Tidak,Tidak,Tidak
BUMIL-231,Maya Lestari,3603488893282253,Joko Pratama,38,Jakarta,1988-06-26,2027-04-30,8 minggu,Perum Duta Asri Cadas Blok D,Dingin,Anemia,164,10,5,0,130,88,10,KRT,Tidak,Tidak,Tidak,Tidak,Ya,Tidak,Tidak,Tidak
BUMIL-232,Kartika Hidayah,3603374694672472,Aris Saputra,25,Bogor,2001-03-02,2027-02-26,17 minggu,Perum Duta Asri Cadas Blok D,Penisilin,Diabetes,157,4,1,0,130,83,2,KRR,Tidak,Tidak,Tidak,Tidak,Ya,Tidak,Tidak,Tidak
BUMIL-233,Lestari Mulyani,3603639898813531,Rizal Wijaya,27,Semarang,1999-11-06,2026-11-20,31 minggu,Lebak Wangi RT01/08,Tidak ada,Tidak ada,155,5,4,0,130,83,6,KRT,Tidak,Tidak,Tidak,Tidak,Tidak,Tidak,Tidak,Tidak
BUMIL-234,Nurul Puspita,3603699906524574,Agus Saputra,29,Serang,1997-01-26,2027-04-02,12 minggu,Lebak Wangi RT09/08,Seafood,Gastritis,168,6,2,0,120,77,2,KRR,Tidak,Tidak,Tidak,Tidak,Ya,Tidak,Tidak,Tidak
BUMIL-235,Dewi Wulandari,3603885787089052,Hendra Hidayat,19,Bandung,2007-08-09,2027-05-07,7 minggu,Perum Duta Asri Cadas Blok D,Tidak ada,Anemia,151,7,5,0,145,92,10,KRT,Tidak,Tidak,Tidak,Tidak,Ya,Tidak,Tidak,Tidak
BUMIL-236,Lestari Suryani,3603866918027702,Joko Kusuma,25,Cirebon,2001-05-04,2026-11-20,31 minggu,Perum Duta Asri Cadas Blok C,Penisilin,Asthma,144,1,4,0,125,79,14,KRST,Tidak,Tidak,Tidak,Tidak,Ya,Tidak,Tidak,Tidak
BUMIL-237,Dewi Anggraini,3603683708321452,Rudi Saputra,24,Surakarta,2002-06-06,2027-01-29,21 minggu,Lebak Wangi RT05/08,Tidak ada,Asthma,160,3,0,0,115,75,2,KRR,Tidak,Tidak,Tidak,Tidak,Ya,Tidak,Tidak,Tidak
BUMIL-238,Yuni Mulyani,3603209403141734,Dedi Kurniawan,38,Serang,1988-02-14,2027-01-01,25 minggu,Lebak Wangi RT06/08,Tidak ada,Tidak ada,164,2,0,0,150,94,10,KRT,Tidak,Tidak,Tidak,Tidak,Tidak,Tidak,Tidak,Tidak
BUMIL-239,Bunga Anggraini,3603623463740477,Suryo Nugroho,32,Yogyakarta,1994-06-22,2027-03-12,15 minggu,Perum Duta Asri Cadas Blok C,Seafood,Tidak ada,160,3,2,0,170,105,6,KRT,Tidak,Tidak,Tidak,Tidak,Tidak,Tidak,Tidak,Ya
BUMIL-240,Rina Anggraini,3603355868954463,Wawan Santoso,34,Bandung,1992-12-15,2027-02-26,17 minggu,Perum Duta Asri Cadas Blok A,Seafood,Hipertensi,163,0,1,0,120,73,2,KRR,Tidak,Tidak,Tidak,Tidak,Ya,Tidak,Tidak,Tidak
BUMIL-241,Dian Kusuma,3603108750850618,Agus Wijaya,26,Cirebon,2000-11-26,2026-10-16,36 minggu,Lebak Wangi RT06/08,Udang,Tidak ada,158,9,0,0,135,86,2,KRR,Tidak,Tidak,Tidak,Tidak,Tidak,Tidak,Tidak,Tidak
BUMIL-242,Ayu Anggraini,3603677859075476,Dwi Permana,32,Semarang,1994-01-05,2026-11-06,33 minggu,Lebak Wangi RT01/08,Tidak ada,Tidak ada,168,2,4,0,125,77,6,KRT,Tidak,Tidak,Tidak,Tidak,Tidak,Tidak,Tidak,Tidak
BUMIL-243,Yuni Rahma,3603605651306822,Joko Saputra,37,Cirebon,1989-04-25,2026-12-25,26 minggu,Perum Duta Asri Cadas Blok A,Tidak ada,Tidak ada,148,2,0,0,135,86,6,KRT,Tidak,Tidak,Tidak,Tidak,Tidak,Tidak,Tidak,Tidak
BUMIL-244,Lestari Rahma,3603664477687248,Joko Saputra,27,Semarang,1999-11-15,2026-10-16,36 minggu,Perum Duta Asri Cadas Blok D,Tidak ada,Tidak ada,142,6,5,1,120,80,14,KRST,Tidak,Tidak,Tidak,Tidak,Tidak,Tidak,Tidak,Tidak
BUMIL-245,Yuni Hidayah,3603383497176691,Indra Permana,29,Serang,1997-09-12,2027-02-19,18 minggu,Lebak Wangi RT04/08,Tidak ada,Tidak ada,147,7,2,0,130,88,2,KRR,Tidak,Tidak,Tidak,Tidak,Tidak,Tidak,Tidak,Tidak
BUMIL-246,Siti Wulandari,3603497944539920,Fajar Kusuma,39,Surakarta,1987-12-06,2027-01-29,21 minggu,Lebak Wangi RT02/08,Tidak ada,Hipertensi,147,0,5,1,130,81,14,KRST,Tidak,Tidak,Tidak,Tidak,Ya,Tidak,Tidak,Tidak
BUMIL-247,Dian Anggraini,3603949130311759,Dwi Hidayat,26,Semarang,2000-12-15,2027-04-02,12 minggu,Lebak Wangi RT04/08,Tidak ada,Tidak ada,162,1,5,0,130,84,10,KRT,Tidak,Tidak,Tidak,Tidak,Tidak,Tidak,Tidak,Tidak
BUMIL-248,Ratna Hidayah,3603250140720276,Wawan Wijaya,32,Bandung,1994-02-15,2027-04-09,11 minggu,Perum Duta Asri Cadas Blok B,Debu,Tidak ada,144,7,5,0,135,88,10,KRT,Tidak,Tidak,Tidak,Tidak,Tidak,Tidak,Tidak,Tidak
BUMIL-249,Maya Kusuma,3603691663315274,Suryo Firmansyah,42,Bogor,1984-09-18,2027-03-12,15 minggu,Perum Duta Asri Cadas Blok C,Tidak ada,Anemia,161,3,1,0,160,100,10,KRT,Tidak,Tidak,Tidak,Tidak,Ya,Tidak,Tidak,Ya
BUMIL-250,Tari Kusuma,3603875362599556,Hendra Wibowo,28,Bogor,1998-09-08,2027-04-23,9 minggu,Lebak Wangi RT04/08,Penisilin,Tidak ada,142,9,0,0,110,74,6,KRT,Tidak,Tidak,Tidak,Tidak,Tidak,Tidak,Tidak,Tidak
BUMIL-251,Tari Hidayah,3603690870254515,Joko Nugroho,21,Surakarta,2005-06-18,2027-01-08,24 minggu,Lebak Wangi RT03/08,Dingin,Tidak ada,145,5,4,0,170,108,10,KRT,Tidak,Tidak,Tidak,Tidak,Tidak,Tidak,Tidak,Ya
BUMIL-252,Kartika Sartika,3603662206448862,Rudi Kurniawan,31,Cirebon,1995-02-10,2027-02-19,18 minggu,Perum Duta Asri Cadas Blok D,Seafood,Tidak ada,165,0,3,1,140,93,10,KRT,Tidak,Tidak,Tidak,Tidak,Tidak,Tidak,Tidak,Tidak
BUMIL-253,Dewi Suryani,3603840720274613,Ahmad Nugroho,42,Semarang,1984-03-11,2026-12-25,26 minggu,Perum Duta Asri Cadas Blok B,Udang,Anemia,149,0,3,0,110,69,6,KRT,Tidak,Tidak,Tidak,Tidak,Ya,Tidak,Tidak,Tidak
BUMIL-254,Rina Aminah,3603479776888469,Aris Permana,39,Yogyakarta,1987-03-27,2026-11-27,30 minggu,Lebak Wangi RT03/08,Tidak ada,Asthma,142,8,0,0,115,76,10,KRT,Tidak,Tidak,Tidak,Tidak,Ya,Tidak,Tidak,Tidak
BUMIL-255,Dewi Wulandari,3603299324565738,Eko Kurniawan,41,Bogor,1985-09-28,2027-05-07,7 minggu,Lebak Wangi RT05/08,Tidak ada,Tidak ada,144,10,5,0,140,91,18,KRST,Tidak,Tidak,Tidak,Tidak,Tidak,Tidak,Tidak,Tidak
BUMIL-256,Dian Kusuma,3603516211396374,Joko Kurniawan,29,Serang,1997-06-23,2027-03-26,13 minggu,Lebak Wangi RT02/08,Tidak ada,Tidak ada,142,10,5,0,120,83,10,KRT,Tidak,Tidak,Tidak,Tidak,Tidak,Tidak,Tidak,Tidak
BUMIL-257,Mega Sartika,3603531804237227,Rizal Permana,33,Serang,1993-11-18,2027-03-19,14 minggu,Perum Duta Asri Cadas Blok A,Udang,Tidak ada,144,3,0,0,110,70,6,KRT,Tidak,Tidak,Tidak,Tidak,Tidak,Tidak,Tidak,Tidak
BUMIL-258,Ayu Anggraini,3603700088939243,Sandi Suryadi,30,Bogor,1996-09-21,2027-04-09,11 minggu,Lebak Wangi RT03/08,Dingin,Anemia,157,6,1,1,135,84,6,KRT,Tidak,Tidak,Tidak,Tidak,Ya,Tidak,Tidak,Tidak
BUMIL-259,Sri Hidayah,3603940632576858,Budi Wijaya,20,Tangerang,2006-10-02,2026-11-13,32 minggu,Perum Duta Asri Cadas Blok B,Dingin,Hipertensi,141,10,3,0,110,69,6,KRT,Tidak,Tidak,Tidak,Tidak,Ya,Tidak,Tidak,Tidak
BUMIL-260,Lestari Sartika,3603753268377067,Sandi Kusuma,18,Yogyakarta,2008-11-07,2026-11-27,30 minggu,Perum Duta Asri Cadas Blok B,Tidak ada,Diabetes,154,9,5,0,110,69,6,KRT,Tidak,Tidak,Tidak,Tidak,Ya,Tidak,Tidak,Tidak
BUMIL-261,Dewi Utami,3603355288401397,Suryo Nugroho,34,Bekasi,1992-11-18,2027-03-12,15 minggu,Perum Duta Asri Cadas Blok D,Seafood,Hipertensi,146,0,1,0,130,82,2,KRR,Tidak,Tidak,Tidak,Tidak,Ya,Tidak,Tidak,Tidak
BUMIL-262,Yuni Puspita,3603948676594151,Agus Setiawan,38,Semarang,1988-08-03,2026-12-11,28 minggu,Lebak Wangi RT07/08,Penisilin,Diabetes,166,5,1,0,120,83,6,KRT,Tidak,Tidak,Tidak,Tidak,Ya,Tidak,Tidak,Tidak
BUMIL-263,Tari Hidayah,3603428193742057,Rizal Saputra,25,Bandung,2001-04-11,2027-01-01,25 minggu,Perum Duta Asri Cadas Blok C,Debu,Asthma,141,8,4,0,120,83,10,KRT,Tidak,Tidak,Tidak,Tidak,Ya,Tidak,Tidak,Tidak
BUMIL-264,Bunga Suryani,3603153668282650,Fajar Kurniawan,28,Jakarta,1998-03-25,2027-02-26,17 minggu,Lebak Wangi RT06/08,Tidak ada,Diabetes,160,10,3,0,135,88,2,KRR,Tidak,Tidak,Tidak,Tidak,Ya,Tidak,Tidak,Tidak
BUMIL-265,Bunga Rahma,3603513604871693,Hadi Setiawan,22,Jakarta,2004-02-09,2027-02-05,20 minggu,Lebak Wangi RT01/08,Tidak ada,Asthma,164,8,3,1,125,80,6,KRT,Tidak,Tidak,Tidak,Tidak,Ya,Tidak,Tidak,Tidak
BUMIL-266,Anisa Kusuma,3603164058325585,Dedi Firmansyah,34,Bandung,1992-10-14,2027-03-26,13 minggu,Perum Duta Asri Cadas Blok A,Debu,Tidak ada,153,6,4,0,140,89,10,KRT,Tidak,Tidak,Tidak,Tidak,Tidak,Tidak,Tidak,Tidak
BUMIL-267,Sri Hidayah,3603810088072580,Wawan Nugroho,19,Serang,2007-03-16,2027-01-22,22 minggu,Lebak Wangi RT08/08,Tidak ada,Tidak ada,154,5,0,0,150,95,6,KRT,Tidak,Tidak,Tidak,Tidak,Tidak,Tidak,Tidak,Tidak
BUMIL-268,Dewi Wulandari,3603840354299038,Hadi Pratama,36,Yogyakarta,1990-07-17,2027-02-05,20 minggu,Lebak Wangi RT06/08,Tidak ada,Tidak ada,159,0,0,0,125,85,6,KRT,Tidak,Tidak,Tidak,Tidak,Tidak,Tidak,Tidak,Tidak
BUMIL-269,Maya Hidayah,3603329692249128,Rudi Hidayat,27,Surakarta,1999-05-16,2027-01-01,25 minggu,Lebak Wangi RT01/08,Tidak ada,Asthma,149,0,1,0,115,76,2,KRR,Tidak,Tidak,Tidak,Tidak,Ya,Tidak,Tidak,Tidak
BUMIL-270,Ratna Mulyani,3603875689998101,Joko Wibowo,23,Cirebon,2003-03-09,2026-12-04,29 minggu,Lebak Wangi RT06/08,Tidak ada,Asthma,152,3,4,0,130,85,6,KRT,Tidak,Tidak,Tidak,Tidak,Ya,Tidak,Tidak,Tidak
BUMIL-271,Ayu Suryani,3603493628260892,Hendra Saputra,26,Surakarta,2000-01-19,2027-01-15,23 minggu,Lebak Wangi RT05/08,Tidak ada,Asthma,148,5,4,0,145,90,10,KRT,Tidak,Tidak,Tidak,Tidak,Ya,Tidak,Tidak,Tidak
BUMIL-272,Kartika Lestari,3603327265319003,Aris Hidayat,28,Yogyakarta,1998-09-15,2026-11-27,30 minggu,Perum Duta Asri Cadas Blok B,Dingin,Tidak ada,150,6,0,0,160,102,6,KRT,Tidak,Tidak,Tidak,Tidak,Tidak,Tidak,Tidak,Ya
BUMIL-273,Anisa Aminah,3603706710405015,Joko Wibowo,35,Bandung,1991-03-04,2027-02-19,18 minggu,Lebak Wangi RT09/08,Debu,Tidak ada,158,6,2,1,135,85,10,KRT,Tidak,Tidak,Tidak,Tidak,Tidak,Tidak,Tidak,Tidak
BUMIL-274,Dian Puspita,3603369867237953,Tri Kurniawan,32,Tangerang,1994-04-20,2027-01-22,22 minggu,Lebak Wangi RT01/08,Tidak ada,Tidak ada,157,10,5,0,145,99,10,KRT,Tidak,Tidak,Tidak,Tidak,Tidak,Tidak,Tidak,Tidak
BUMIL-275,Kartika Kusuma,3603903881442358,Rudi Kurniawan,42,Semarang,1984-12-11,2026-11-20,31 minggu,Lebak Wangi RT03/08,Dingin,Gastritis,151,2,1,0,145,91,10,KRT,Tidak,Tidak,Tidak,Tidak,Ya,Tidak,Tidak,Tidak
BUMIL-276,Maya Anggraini,3603168535810615,Dwi Saputra,33,Bogor,1993-03-11,2026-10-23,35 minggu,Lebak Wangi RT07/08,Dingin,Hipertensi,141,1,5,1,110,72,18,KRST,Tidak,Tidak,Tidak,Tidak,Ya,Tidak,Tidak,Tidak
BUMIL-277,Anisa Anggraini,3603174008442880,Fajar Kurniawan,39,Semarang,1987-10-11,2027-01-22,22 minggu,Perum Duta Asri Cadas Blok C,Dingin,Hipertensi,144,0,1,0,135,82,10,KRT,Tidak,Tidak,Tidak,Tidak,Ya,Tidak,Tidak,Tidak
BUMIL-278,Kartika Anggraini,3603119275187833,Joko Saputra,17,Jakarta,2009-08-27,2027-05-14,6 minggu,Lebak Wangi RT07/08,Dingin,Hipertensi,157,8,3,1,150,96,10,KRT,Tidak,Tidak,Tidak,Tidak,Ya,Tidak,Tidak,Tidak
BUMIL-279,Maya Wulandari,3603649829440782,Budi Suryadi,39,Semarang,1987-12-28,2026-12-11,28 minggu,Lebak Wangi RT05/08,Dingin,Tidak ada,161,6,1,1,115,77,10,KRT,Tidak,Tidak,Tidak,Tidak,Tidak,Tidak,Tidak,Tidak
BUMIL-280,Anisa Hidayah,3603779429174674,Rudi Setiawan,33,Surakarta,1993-12-02,2027-01-08,24 minggu,Perum Duta Asri Cadas Blok B,Dingin,Asthma,148,5,2,0,115,74,2,KRR,Tidak,Tidak,Tidak,Tidak,Ya,Tidak,Tidak,Tidak
BUMIL-281,Dian Kusuma,3603368714638271,Hadi Santoso,39,Yogyakarta,1987-03-27,2026-12-18,27 minggu,Perum Duta Asri Cadas Blok C,Tidak ada,Tidak ada,147,4,5,0,115,79,10,KRT,Tidak,Tidak,Tidak,Tidak,Tidak,Tidak,Tidak,Tidak
BUMIL-282,Dewi Sartika,3603518352484747,Asep Setiawan,29,Cirebon,1997-01-15,2027-03-05,16 minggu,Perum Duta Asri Cadas Blok C,Tidak ada,Asthma,157,7,0,0,170,105,6,KRT,Tidak,Tidak,Tidak,Tidak,Ya,Tidak,Tidak,Ya
BUMIL-283,Fitri Sartika,3603810533231606,Rudi Firmansyah,42,Tangerang,1984-09-25,2027-01-01,25 minggu,Perum Duta Asri Cadas Blok C,Tidak ada,Gastritis,150,9,0,0,150,92,10,KRT,Tidak,Tidak,Tidak,Tidak,Ya,Tidak,Tidak,Tidak
BUMIL-284,Ratna Hidayah,3603622125362176,Rudi Kurniawan,25,Cirebon,2001-04-18,2027-03-05,16 minggu,Lebak Wangi RT06/08,Tidak ada,Diabetes,141,1,5,0,150,101,18,KRST,Tidak,Tidak,Tidak,Tidak,Ya,Tidak,Tidak,Tidak
BUMIL-285,Dewi Rahma,3603118530570661,Joko Permana,23,Serang,2003-09-11,2027-01-15,23 minggu,Perum Duta Asri Cadas Blok A,Penisilin,Tidak ada,158,2,5,0,115,73,6,KRT,Tidak,Tidak,Tidak,Tidak,Tidak,Tidak,Tidak,Tidak
BUMIL-286,Fitri Puspita,3603723803078132,Suryo Pratama,29,Serang,1997-04-09,2027-01-15,23 minggu,Perum Duta Asri Cadas Blok D,Tidak ada,Tidak ada,161,8,2,0,120,74,2,KRR,Tidak,Tidak,Tidak,Tidak,Tidak,Tidak,Tidak,Tidak
BUMIL-287,Tari Mulyani,3603482141808888,Indra Nugroho,18,Bandung,2008-12-23,2027-01-29,21 minggu,Lebak Wangi RT09/08,Tidak ada,Hipertensi,143,6,1,0,135,91,6,KRT,Tidak,Tidak,Tidak,Tidak,Ya,Tidak,Tidak,Tidak
BUMIL-288,Dian Lestari,3603795911943199,Aris Kusuma,25,Cirebon,2001-02-19,2026-12-18,27 minggu,Lebak Wangi RT06/08,Tidak ada,Hipertensi,165,7,3,1,150,98,10,KRT,Tidak,Tidak,Tidak,Tidak,Ya,Tidak,Tidak,Tidak
BUMIL-289,Bunga Rahma,3603742869394302,Ahmad Saputra,38,Semarang,1988-01-10,2026-10-16,36 minggu,Perum Duta Asri Cadas Blok B,Tidak ada,Diabetes,152,1,4,0,125,77,14,KRST,Tidak,Tidak,Tidak,Tidak,Ya,Tidak,Tidak,Tidak
BUMIL-290,Rina Wulandari,3603517274201703,Aris Hidayat,39,Surakarta,1987-04-07,2026-11-13,32 minggu,Perum Duta Asri Cadas Blok C,Tidak ada,Tidak ada,165,10,1,0,135,87,6,KRT,Tidak,Tidak,Tidak,Tidak,Tidak,Tidak,Tidak,Tidak
BUMIL-291,Nurul Sartika,3603586655303096,Sandi Pratama,28,Bekasi,1998-02-20,2026-12-04,29 minggu,Lebak Wangi RT01/08,Udang,Tidak ada,164,4,0,0,120,74,2,KRR,Tidak,Tidak,Tidak,Tidak,Tidak,Tidak,Tidak,Tidak
BUMIL-292,Fitri Utami,3603711813124945,Eko Kusuma,34,Bandung,1992-11-08,2027-05-07,7 minggu,Perum Duta Asri Cadas Blok C,Penisilin,Tidak ada,156,6,0,0,110,67,2,KRR,Tidak,Tidak,Tidak,Tidak,Tidak,Tidak,Tidak,Tidak
BUMIL-293,Mega Suryani,3603753234736946,Budi Kurniawan,36,Bogor,1990-11-25,2027-04-16,10 minggu,Lebak Wangi RT07/08,Penisilin,Diabetes,165,5,3,1,140,92,14,KRST,Tidak,Tidak,Tidak,Tidak,Ya,Tidak,Tidak,Tidak
BUMIL-294,Rina Mulyani,3603718050673162,Suryo Saputra,24,Serang,2002-11-07,2026-11-27,30 minggu,Perum Duta Asri Cadas Blok B,Tidak ada,Tidak ada,158,8,1,0,120,75,2,KRR,Tidak,Tidak,Tidak,Tidak,Tidak,Tidak,Tidak,Tidak
BUMIL-295,Sri Wulandari,3603642318677697,Aris Susanto,21,Tangerang,2005-11-19,2027-03-26,13 minggu,Lebak Wangi RT03/08,Seafood,Tidak ada,142,2,3,0,130,86,6,KRT,Tidak,Tidak,Tidak,Tidak,Tidak,Tidak,Tidak,Tidak
BUMIL-296,Rina Lestari,3603891333078722,Rudi Setiawan,37,Serang,1989-01-27,2027-02-19,18 minggu,Lebak Wangi RT01/08,Tidak ada,Hipertensi,155,9,4,1,115,71,14,KRST,Tidak,Tidak,Tidak,Tidak,Ya,Tidak,Tidak,Tidak
BUMIL-297,Eka Aminah,3603537866862632,Indra Hidayat,27,Semarang,1999-10-20,2027-04-23,9 minggu,Perum Duta Asri Cadas Blok B,Udang,Gastritis,166,9,3,0,135,89,2,KRR,Tidak,Tidak,Tidak,Tidak,Ya,Tidak,Tidak,Tidak
BUMIL-298,Yuni Utami,3603816656131881,Fajar Nugroho,36,Serang,1990-08-05,2026-11-06,33 minggu,Lebak Wangi RT04/08,Tidak ada,Anemia,144,4,2,0,125,83,10,KRT,Tidak,Tidak,Tidak,Tidak,Ya,Tidak,Tidak,Tidak
BUMIL-299,Yuni Rahma,3603537934513371,Bambang Susanto,27,Bogor,1999-03-24,2027-02-05,20 minggu,Lebak Wangi RT01/08,Debu,Hipertensi,149,10,3,0,125,81,2,KRR,Tidak,Tidak,Tidak,Tidak,Ya,Tidak,Tidak,Tidak
BUMIL-300,Dian Wulandari,3603966795243734,Hendra Setiawan,29,Yogyakarta,1997-10-22,2026-11-27,30 minggu,Perum Duta Asri Cadas Blok B,Seafood,Asthma,151,1,4,1,150,94,18,KRST,Tidak,Tidak,Tidak,Tidak,Ya,Tidak,Tidak,Tidak
BUMIL-301,Maya Aminah,3603902957040689,Tri Permana,31,Jakarta,1995-09-11,2027-04-30,8 minggu,Lebak Wangi RT03/08,Tidak ada,Diabetes,162,3,3,0,115,75,2,KRR,Tidak,Tidak,Tidak,Tidak,Ya,Tidak,Tidak,Tidak
BUMIL-302,Kartika Rahma,3603433432639382,Bambang Kusuma,24,Bekasi,2002-06-08,2027-05-14,6 minggu,Lebak Wangi RT08/08,Tidak ada,Anemia,148,10,1,0,140,87,6,KRT,Tidak,Tidak,Tidak,Tidak,Ya,Tidak,Tidak,Tidak
BUMIL-303,Ayu Puspita,3603742008424449,Sandi Santoso,29,Serang,1997-05-19,2026-12-04,29 minggu,Perum Duta Asri Cadas Blok B,Debu,Tidak ada,157,8,5,0,110,71,6,KRT,Tidak,Tidak,Tidak,Tidak,Tidak,Tidak,Tidak,Tidak
BUMIL-304,Maya Puspita,3603216329111631,Wawan Hidayat,41,Bogor,1985-01-22,2027-04-23,9 minggu,Lebak Wangi RT07/08,Udang,Hipertensi,147,10,5,0,170,114,14,KRST,Tidak,Tidak,Tidak,Tidak,Ya,Tidak,Tidak,Ya
BUMIL-305,Dewi Puspita,3603812894168926,Suryo Saputra,38,Yogyakarta,1988-12-04,2026-12-25,26 minggu,Lebak Wangi RT04/08,Tidak ada,Tidak ada,160,6,2,0,140,87,10,KRT,Tidak,Tidak,Tidak,Tidak,Tidak,Tidak,Tidak,Tidak
BUMIL-306,Siti Sartika,3603341629441437,Dwi Saputra,33,Cirebon,1993-08-05,2027-02-05,20 minggu,Perum Duta Asri Cadas Blok C,Udang,Diabetes,163,8,4,0,160,102,10,KRT,Tidak,Tidak,Tidak,Tidak,Ya,Tidak,Tidak,Ya
BUMIL-307,Ayu Lestari,3603608486049382,Hendra Wibowo,41,Bekasi,1985-09-26,2026-12-18,27 minggu,Perum Duta Asri Cadas Blok B,Dingin,Tidak ada,161,9,5,0,135,82,10,KRT,Tidak,Tidak,Tidak,Tidak,Tidak,Tidak,Tidak,Tidak
BUMIL-308,Kartika Sartika,3603556535405107,Joko Wijaya,19,Yogyakarta,2007-09-15,2027-01-22,22 minggu,Lebak Wangi RT02/08,Tidak ada,Gastritis,143,2,2,0,145,92,10,KRT,Tidak,Tidak,Tidak,Tidak,Ya,Tidak,Tidak,Tidak
BUMIL-309,Tari Kusuma,3603621186981193,Aris Setiawan,20,Bogor,2006-09-07,2027-01-08,24 minggu,Lebak Wangi RT06/08,Udang,Diabetes,154,7,2,1,110,67,6,KRT,Tidak,Tidak,Tidak,Tidak,Ya,Tidak,Tidak,Tidak
BUMIL-310,Siti Lestari,3603218747126613,Sandi Nugroho,38,Jakarta,1988-02-22,2027-04-02,12 minggu,Lebak Wangi RT09/08,Penisilin,Tidak ada,165,2,5,1,120,81,14,KRST,Tidak,Tidak,Tidak,Tidak,Tidak,Tidak,Tidak,Tidak
BUMIL-311,Fitri Lestari,3603570555968211,Asep Nugroho,31,Yogyakarta,1995-08-05,2027-01-22,22 minggu,Lebak Wangi RT01/08,Udang,Diabetes,147,6,5,1,170,115,14,KRST,Tidak,Tidak,Tidak,Tidak,Ya,Tidak,Tidak,Ya
BUMIL-312,Bunga Utami,3603907579231498,Budi Kusuma,36,Serang,1990-11-26,2027-03-12,15 minggu,Lebak Wangi RT01/08,Tidak ada,Tidak ada,168,3,3,0,140,86,10,KRT,Tidak,Tidak,Tidak,Tidak,Tidak,Tidak,Tidak,Tidak
BUMIL-313,Lestari Hidayah,3603925829202760,Ahmad Kurniawan,39,Tangerang,1987-01-14,2027-02-26,17 minggu,Lebak Wangi RT02/08,Penisilin,Tidak ada,165,1,4,1,150,94,22,KRST,Tidak,Tidak,Tidak,Tidak,Tidak,Tidak,Tidak,Tidak
BUMIL-314,Mega Lestari,3603603357601215,Rizal Wibowo,20,Cirebon,2006-05-14,2027-04-09,11 minggu,Lebak Wangi RT06/08,Seafood,Diabetes,148,10,3,0,170,110,6,KRT,Tidak,Tidak,Tidak,Tidak,Ya,Tidak,Tidak,Ya
BUMIL-315,Dian Puspita,3603745931058066,Aris Setiawan,20,Bandung,2006-07-13,2027-04-30,8 minggu,Lebak Wangi RT02/08,Tidak ada,Gastritis,151,5,3,0,170,109,6,KRT,Tidak,Tidak,Tidak,Tidak,Ya,Tidak,Tidak,Ya
BUMIL-316,Rina Anggraini,3603444172684966,Hadi Firmansyah,20,Tangerang,2006-07-17,2027-04-16,10 minggu,Perum Duta Asri Cadas Blok D,Tidak ada,Hipertensi,147,4,0,0,120,78,2,KRR,Tidak,Tidak,Tidak,Tidak,Ya,Tidak,Tidak,Tidak
BUMIL-317,Anisa Suryani,3603561229937700,Aris Kusuma,36,Surakarta,1990-08-22,2026-12-04,29 minggu,Lebak Wangi RT07/08,Tidak ada,Tidak ada,144,9,3,0,145,99,14,KRST,Tidak,Tidak,Tidak,Tidak,Tidak,Tidak,Tidak,Tidak
BUMIL-318,Maya Mulyani,3603812617370241,Bambang Pratama,22,Jakarta,2004-08-12,2027-04-16,10 minggu,Lebak Wangi RT01/08,Seafood,Tidak ada,157,2,3,0,120,78,2,KRR,Tidak,Tidak,Tidak,Tidak,Tidak,Tidak,Tidak,Tidak
BUMIL-319,Ayu Puspita,3603632617105267,Eko Suryadi,21,Tangerang,2005-04-07,2027-04-30,8 minggu,Lebak Wangi RT08/08,Dingin,Tidak ada,146,6,4,0,145,95,10,KRT,Tidak,Tidak,Tidak,Tidak,Tidak,Tidak,Tidak,Tidak
BUMIL-320,Kartika Utami,3603638777240733,Tri Nugroho,22,Bekasi,2004-04-24,2027-05-07,7 minggu,Lebak Wangi RT09/08,Tidak ada,Tidak ada,142,9,0,0,125,80,6,KRT,Tidak,Tidak,Tidak,Tidak,Tidak,Tidak,Tidak,Tidak
BUMIL-321,Dewi Wulandari,3603689376214683,Hadi Firmansyah,26,Yogyakarta,2000-03-17,2027-03-12,15 minggu,Lebak Wangi RT06/08,Dingin,Anemia,145,7,4,0,145,97,10,KRT,Tidak,Tidak,Tidak,Tidak,Ya,Tidak,Tidak,Tidak
BUMIL-322,Tari Sartika,3603227013839735,Rizal Permana,25,Surakarta,2001-04-10,2026-10-30,34 minggu,Lebak Wangi RT04/08,Seafood,Hipertensi,164,8,2,0,110,73,2,KRR,Tidak,Tidak,Tidak,Tidak,Ya,Tidak,Tidak,Tidak
BUMIL-323,Maya Hidayah,3603568107522363,Sandi Purnama,20,Bogor,2006-05-02,2027-01-15,23 minggu,Perum Duta Asri Cadas Blok B,Seafood,Gastritis,163,10,1,0,110,73,2,KRR,Tidak,Tidak,Tidak,Tidak,Ya,Tidak,Tidak,Tidak
BUMIL-324,Sri Lestari,3603581409926304,Tri Wibowo,20,Surakarta,2006-08-02,2027-02-26,17 minggu,Lebak Wangi RT06/08,Seafood,Asthma,164,3,1,0,160,104,6,KRT,Tidak,Tidak,Tidak,Tidak,Ya,Tidak,Tidak,Ya
BUMIL-325,Bunga Rahma,3603252970204608,Dedi Wibowo,42,Surakarta,1984-03-10,2027-02-19,18 minggu,Lebak Wangi RT08/08,Tidak ada,Tidak ada,146,3,0,0,160,104,10,KRT,Tidak,Tidak,Tidak,Tidak,Tidak,Tidak,Tidak,Ya
BUMIL-326,Maya Wulandari,3603690974003794,Rizal Wibowo,22,Semarang,2004-05-28,2026-12-11,28 minggu,Lebak Wangi RT01/08,Udang,Asthma,150,4,2,0,150,102,6,KRT,Tidak,Tidak,Tidak,Tidak,Ya,Tidak,Tidak,Tidak
BUMIL-327,Nurul Rahma,3603928768795058,Rizal Kusuma,42,Bekasi,1984-07-18,2027-01-22,22 minggu,Lebak Wangi RT05/08,Tidak ada,Anemia,153,0,2,0,120,75,6,KRT,Tidak,Tidak,Tidak,Tidak,Ya,Tidak,Tidak,Tidak
BUMIL-328,Ratna Rahma,3603455242735878,Wawan Firmansyah,24,Bandung,2002-11-03,2026-10-23,35 minggu,Lebak Wangi RT02/08,Udang,Tidak ada,164,10,3,0,160,109,6,KRT,Tidak,Tidak,Tidak,Tidak,Tidak,Tidak,Tidak,Ya
BUMIL-329,Sri Anggraini,3603514095943637,Dwi Suryadi,31,Tangerang,1995-01-09,2027-02-19,18 minggu,Lebak Wangi RT02/08,Tidak ada,Gastritis,142,10,0,0,140,94,10,KRT,Tidak,Tidak,Tidak,Tidak,Ya,Tidak,Tidak,Tidak
BUMIL-330,Sri Mulyani,3603599801354952,Indra Hidayat,32,Tangerang,1994-04-16,2027-04-02,12 minggu,Lebak Wangi RT04/08,Tidak ada,Tidak ada,150,9,0,0,115,76,2,KRR,Tidak,Tidak,Tidak,Tidak,Tidak,Tidak,Tidak,Tidak
BUMIL-331,Mega Sartika,3603687532962937,Hadi Susanto,29,Yogyakarta,1997-12-25,2027-01-29,21 minggu,Perum Duta Asri Cadas Blok C,Tidak ada,Asthma,146,6,1,0,135,86,2,KRR,Tidak,Tidak,Tidak,Tidak,Ya,Tidak,Tidak,Tidak
BUMIL-332,Yuni Suryani,3603244216126870,Suryo Kusuma,35,Semarang,1991-04-18,2027-03-05,16 minggu,Lebak Wangi RT09/08,Debu,Hipertensi,167,7,2,0,110,66,6,KRT,Tidak,Tidak,Tidak,Tidak,Ya,Tidak,Tidak,Tidak
BUMIL-333,Nurul Anggraini,3603119153757830,Rudi Nugroho,20,Jakarta,2006-05-12,2027-01-22,22 minggu,Perum Duta Asri Cadas Blok D,Penisilin,Anemia,167,2,3,0,140,89,6,KRT,Tidak,Tidak,Tidak,Tidak,Ya,Tidak,Tidak,Tidak
BUMIL-334,Anisa Anggraini,3603273095194326,Asep Santoso,25,Yogyakarta,2001-04-12,2027-03-05,16 minggu,Lebak Wangi RT04/08,Tidak ada,Tidak ada,142,10,2,0,135,92,6,KRT,Tidak,Tidak,Tidak,Tidak,Tidak,Tidak,Tidak,Tidak
BUMIL-335,Fitri Aminah,3603788897041424,Sandi Suryadi,26,Cirebon,2000-05-18,2026-10-23,35 minggu,Lebak Wangi RT05/08,Tidak ada,Tidak ada,163,3,3,0,115,69,2,KRR,Tidak,Tidak,Tidak,Tidak,Tidak,Tidak,Tidak,Tidak
BUMIL-336,Lestari Kusuma,3603242068665054,Sandi Firmansyah,35,Bekasi,1991-06-08,2027-02-19,18 minggu,Lebak Wangi RT08/08,Udang,Anemia,147,8,5,0,110,71,10,KRT,Tidak,Tidak,Tidak,Tidak,Ya,Tidak,Tidak,Tidak
BUMIL-337,Nurul Utami,3603244714761229,Rudi Susanto,32,Semarang,1994-05-25,2026-11-13,32 minggu,Lebak Wangi RT08/08,Tidak ada,Anemia,142,3,3,1,115,70,10,KRT,Tidak,Tidak,Tidak,Tidak,Ya,Tidak,Tidak,Tidak
BUMIL-338,Yuni Lestari,3603430201333423,Aris Nugroho,21,Bogor,2005-03-05,2026-12-04,29 minggu,Lebak Wangi RT09/08,Tidak ada,Gastritis,152,2,5,0,120,74,6,KRT,Tidak,Tidak,Tidak,Tidak,Ya,Tidak,Tidak,Tidak
BUMIL-339,Tari Puspita,3603770051296899,Ahmad Firmansyah,37,Tangerang,1989-01-27,2026-11-06,33 minggu,Perum Duta Asri Cadas Blok D,Tidak ada,Asthma,145,7,2,0,170,107,10,KRT,Tidak,Tidak,Tidak,Tidak,Ya,Tidak,Tidak,Ya
BUMIL-340,Bunga Puspita,3603588280083708,Hadi Wijaya,23,Bogor,2003-03-27,2026-12-25,26 minggu,Lebak Wangi RT01/08,Tidak ada,Gastritis,142,1,1,0,160,105,14,KRST,Tidak,Tidak,Tidak,Tidak,Ya,Tidak,Tidak,Ya
BUMIL-341,Mega Utami,3603968934176751,Dwi Permana,21,Yogyakarta,2005-08-12,2027-05-07,7 minggu,Lebak Wangi RT08/08,Penisilin,Tidak ada,147,4,5,1,150,101,14,KRST,Tidak,Tidak,Tidak,Tidak,Tidak,Tidak,Tidak,Tidak
BUMIL-342,Eka Mulyani,3603825192643768,Asep Santoso,26,Tangerang,2000-01-18,2027-01-15,23 minggu,Lebak Wangi RT09/08,Tidak ada,Gastritis,146,8,4,0,140,90,10,KRT,Tidak,Tidak,Tidak,Tidak,Ya,Tidak,Tidak,Tidak
BUMIL-343,Dewi Hidayah,3603523032321578,Asep Wibowo,20,Bogor,2006-05-01,2027-01-22,22 minggu,Lebak Wangi RT02/08,Tidak ada,Gastritis,147,7,5,0,150,92,10,KRT,Tidak,Tidak,Tidak,Tidak,Ya,Tidak,Tidak,Tidak
BUMIL-344,Mega Lestari,3603525768624477,Dwi Kurniawan,35,Serang,1991-03-08,2027-04-02,12 minggu,Lebak Wangi RT06/08,Tidak ada,Asthma,153,5,4,0,145,90,14,KRST,Tidak,Tidak,Tidak,Tidak,Ya,Tidak,Tidak,Tidak
BUMIL-345,Siti Puspita,3603113174952086,Tri Nugroho,25,Yogyakarta,2001-02-12,2026-10-16,36 minggu,Lebak Wangi RT04/08,Tidak ada,Hipertensi,146,0,0,0,140,94,6,KRT,Tidak,Tidak,Tidak,Tidak,Ya,Tidak,Tidak,Tidak
BUMIL-346,Eka Anggraini,3603652816532468,Ahmad Permana,41,Tangerang,1985-11-27,2026-11-06,33 minggu,Lebak Wangi RT02/08,Seafood,Asthma,153,6,5,0,170,113,14,KRST,Tidak,Tidak,Tidak,Tidak,Ya,Tidak,Tidak,Ya
BUMIL-347,Maya Puspita,3603405598435521,Agus Permana,19,Tangerang,2007-07-18,2027-01-29,21 minggu,Perum Duta Asri Cadas Blok C,Tidak ada,Tidak ada,149,1,4,0,120,81,10,KRT,Tidak,Tidak,Tidak,Tidak,Tidak,Tidak,Tidak,Tidak
BUMIL-348,Yuni Utami,3603798303430374,Indra Suryadi,41,Jakarta,1985-08-28,2027-02-12,19 minggu,Lebak Wangi RT09/08,Tidak ada,Tidak ada,166,10,5,0,130,85,10,KRT,Tidak,Tidak,Tidak,Tidak,Tidak,Tidak,Tidak,Tidak
BUMIL-349,Ratna Aminah,3603195539313082,Sandi Nugroho,30,Serang,1996-04-28,2026-12-11,28 minggu,Lebak Wangi RT01/08,Tidak ada,Hipertensi,143,7,4,0,130,89,10,KRT,Tidak,Tidak,Tidak,Tidak,Ya,Tidak,Tidak,Tidak
BUMIL-350,Fitri Sartika,3603877443476215,Agus Setiawan,21,Bandung,2005-09-19,2026-12-18,27 minggu,Lebak Wangi RT01/08,Tidak ada,Tidak ada,162,0,1,0,135,90,2,KRR,Tidak,Tidak,Tidak,Tidak,Tidak,Tidak,Tidak,Tidak
BUMIL-351,Tari Mulyani,3603281502083673,Ahmad Hidayat,28,Bogor,1998-12-27,2027-02-19,18 minggu,Perum Duta Asri Cadas Blok A,Tidak ada,Asthma,144,4,5,0,110,71,10,KRT,Tidak,Tidak,Tidak,Tidak,Ya,Tidak,Tidak,Tidak
BUMIL-352,Bunga Wulandari,3603170969413467,Tri Wibowo,25,Bogor,2001-11-18,2027-03-05,16 minggu,Perum Duta Asri Cadas Blok D,Tidak ada,Gastritis,162,9,5,1,145,97,14,KRST,Tidak,Tidak,Tidak,Tidak,Ya,Tidak,Tidak,Tidak
BUMIL-353,Mega Aminah,3603282823383819,Eko Kusuma,28,Bekasi,1998-12-12,2027-05-07,7 minggu,Lebak Wangi RT02/08,Debu,Asthma,145,4,0,0,160,109,6,KRT,Tidak,Tidak,Tidak,Tidak,Ya,Tidak,Tidak,Ya
BUMIL-354,Nurul Hidayah,3603661527374178,Bambang Wibowo,17,Semarang,2009-06-01,2026-12-25,26 minggu,Lebak Wangi RT08/08,Tidak ada,Anemia,141,0,1,1,135,88,10,KRT,Tidak,Tidak,Tidak,Tidak,Ya,Tidak,Tidak,Tidak
BUMIL-355,Anisa Rahma,3603142337576544,Dedi Permana,34,Yogyakarta,1992-09-13,2027-02-12,19 minggu,Perum Duta Asri Cadas Blok B,Seafood,Tidak ada,165,10,3,1,125,82,6,KRT,Tidak,Tidak,Tidak,Tidak,Tidak,Tidak,Tidak,Tidak
BUMIL-356,Yuni Wulandari,3603185152008721,Hadi Susanto,35,Jakarta,1991-10-10,2026-11-20,31 minggu,Lebak Wangi RT02/08,Tidak ada,Tidak ada,151,1,4,0,110,68,14,KRST,Tidak,Tidak,Tidak,Tidak,Tidak,Tidak,Tidak,Tidak
BUMIL-357,Ratna Suryani,3603151459780707,Rizal Susanto,29,Cirebon,1997-07-23,2026-11-20,31 minggu,Lebak Wangi RT06/08,Debu,Tidak ada,142,7,2,0,130,84,6,KRT,Tidak,Tidak,Tidak,Tidak,Tidak,Tidak,Tidak,Tidak
BUMIL-358,Rina Suryani,3603110551644485,Suryo Nugroho,28,Bandung,1998-02-01,2026-10-16,36 minggu,Perum Duta Asri Cadas Blok D,Tidak ada,Tidak ada,146,4,4,0,160,102,10,KRT,Tidak,Tidak,Tidak,Tidak,Tidak,Tidak,Tidak,Ya
BUMIL-359,Ayu Lestari,3603953721873297,Asep Nugroho,23,Surakarta,2003-03-03,2027-04-09,11 minggu,Lebak Wangi RT09/08,Udang,Asthma,163,8,1,1,140,86,10,KRT,Tidak,Tidak,Tidak,Tidak,Ya,Tidak,Tidak,Tidak
BUMIL-360,Ratna Suryani,3603797272580412,Joko Kurniawan,39,Jakarta,1987-02-01,2027-04-30,8 minggu,Perum Duta Asri Cadas Blok A,Dingin,Anemia,168,0,2,1,170,111,14,KRST,Tidak,Tidak,Tidak,Tidak,Ya,Tidak,Tidak,Ya
BUMIL-361,Eka Sartika,3603680701888065,Asep Kusuma,24,Jakarta,2002-07-01,2027-03-12,15 minggu,Perum Duta Asri Cadas Blok C,Udang,Tidak ada,153,7,0,0,120,77,2,KRR,Tidak,Tidak,Tidak,Tidak,Tidak,Tidak,Tidak,Tidak
BUMIL-362,Rina Aminah,3603357359913905,Tri Setiawan,33,Bogor,1993-10-17,2027-04-09,11 minggu,Lebak Wangi RT05/08,Tidak ada,Hipertensi,153,5,3,0,115,78,2,KRR,Tidak,Tidak,Tidak,Tidak,Ya,Tidak,Tidak,Tidak
BUMIL-363,Nurul Suryani,3603800653106852,Dedi Kusuma,29,Serang,1997-08-05,2027-04-30,8 minggu,Lebak Wangi RT07/08,Tidak ada,Diabetes,142,9,4,1,170,107,18,KRST,Tidak,Tidak,Tidak,Tidak,Ya,Tidak,Tidak,Ya
BUMIL-364,Ratna Wulandari,3603532936211675,Hadi Susanto,39,Semarang,1987-02-12,2027-03-19,14 minggu,Perum Duta Asri Cadas Blok A,Dingin,Tidak ada,166,5,2,0,125,77,6,KRT,Tidak,Tidak,Tidak,Tidak,Tidak,Tidak,Tidak,Tidak
BUMIL-365,Lestari Rahma,3603949458361148,Suryo Santoso,35,Cirebon,1991-08-04,2027-04-16,10 minggu,Lebak Wangi RT06/08,Dingin,Asthma,143,2,0,0,120,80,10,KRT,Tidak,Tidak,Tidak,Tidak,Ya,Tidak,Tidak,Tidak
BUMIL-366,Ayu Lestari,3603230594976994,Asep Firmansyah,34,Yogyakarta,1992-06-15,2027-03-05,16 minggu,Lebak Wangi RT03/08,Tidak ada,Anemia,151,3,3,0,130,80,2,KRR,Tidak,Tidak,Tidak,Tidak,Ya,Tidak,Tidak,Tidak
BUMIL-367,Rina Rahma,3603855087879082,Rudi Saputra,26,Bogor,2000-10-23,2027-04-02,12 minggu,Lebak Wangi RT07/08,Debu,Hipertensi,166,9,0,0,125,81,2,KRR,Tidak,Tidak,Tidak,Tidak,Ya,Tidak,Tidak,Tidak
BUMIL-368,Anisa Sartika,3603373637337436,Rudi Suryadi,28,Bekasi,1998-12-23,2026-12-25,26 minggu,Lebak Wangi RT06/08,Seafood,Hipertensi,152,8,0,0,170,109,6,KRT,Tidak,Tidak,Tidak,Tidak,Ya,Tidak,Tidak,Ya
BUMIL-369,Sri Rahma,3603711827545254,Sandi Pratama,40,Yogyakarta,1986-07-12,2027-04-23,9 minggu,Lebak Wangi RT09/08,Tidak ada,Gastritis,157,3,0,0,145,90,10,KRT,Tidak,Tidak,Tidak,Tidak,Ya,Tidak,Tidak,Tidak
BUMIL-370,Anisa Sartika,3603164475864041,Hendra Nugroho,41,Serang,1985-01-24,2027-02-05,20 minggu,Perum Duta Asri Cadas Blok C,Tidak ada,Asthma,147,2,1,0,135,92,6,KRT,Tidak,Tidak,Tidak,Tidak,Ya,Tidak,Tidak,Tidak
BUMIL-371,Rina Puspita,3603385985202420,Suryo Pratama,19,Serang,2007-11-16,2027-04-16,10 minggu,Perum Duta Asri Cadas Blok B,Tidak ada,Asthma,140,1,1,0,145,91,14,KRST,Tidak,Tidak,Tidak,Tidak,Ya,Tidak,Tidak,Tidak
BUMIL-372,Rina Lestari,3603143475925266,Dwi Nugroho,31,Yogyakarta,1995-07-03,2027-02-05,20 minggu,Lebak Wangi RT07/08,Udang,Gastritis,141,2,4,0,140,93,14,KRST,Tidak,Tidak,Tidak,Tidak,Ya,Tidak,Tidak,Tidak
BUMIL-373,Siti Utami,3603571085812402,Agus Wibowo,22,Bandung,2004-12-14,2027-01-15,23 minggu,Perum Duta Asri Cadas Blok C,Udang,Tidak ada,151,3,1,0,145,91,6,KRT,Tidak,Tidak,Tidak,Tidak,Tidak,Tidak,Tidak,Tidak
BUMIL-374,Dewi Puspita,3603776969208494,Joko Setiawan,24,Yogyakarta,2002-02-25,2027-03-26,13 minggu,Lebak Wangi RT01/08,Dingin,Asthma,160,4,3,0,150,99,6,KRT,Tidak,Tidak,Tidak,Tidak,Ya,Tidak,Tidak,Tidak
BUMIL-375,Dewi Sartika,3603522108423720,Eko Santoso,21,Jakarta,2005-06-26,2027-02-12,19 minggu,Lebak Wangi RT05/08,Tidak ada,Gastritis,153,3,5,0,150,95,10,KRT,Tidak,Tidak,Tidak,Tidak,Ya,Tidak,Tidak,Tidak
BUMIL-376,Maya Aminah,3603520861283872,Sandi Susanto,42,Yogyakarta,1984-12-17,2027-01-15,23 minggu,Lebak Wangi RT04/08,Penisilin,Anemia,162,5,3,0,145,94,10,KRT,Tidak,Tidak,Tidak,Tidak,Ya,Tidak,Tidak,Tidak
BUMIL-377,Tari Lestari,3603398020828313,Sandi Susanto,22,Surakarta,2004-07-15,2026-11-27,30 minggu,Lebak Wangi RT03/08,Debu,Tidak ada,140,5,4,1,130,79,14,KRST,Tidak,Tidak,Tidak,Tidak,Tidak,Tidak,Tidak,Tidak
BUMIL-378,Kartika Suryani,3603943348752593,Asep Purnama,35,Jakarta,1991-08-04,2027-03-12,15 minggu,Lebak Wangi RT02/08,Tidak ada,Anemia,147,2,0,0,125,86,6,KRT,Tidak,Tidak,Tidak,Tidak,Ya,Tidak,Tidak,Tidak
BUMIL-379,Ratna Wulandari,3603995645376775,Hendra Kurniawan,42,Semarang,1984-05-11,2027-02-05,20 minggu,Lebak Wangi RT06/08,Penisilin,Tidak ada,163,0,1,0,140,91,10,KRT,Tidak,Tidak,Tidak,Tidak,Tidak,Tidak,Tidak,Tidak
BUMIL-380,Fitri Rahma,3603749556041080,Wawan Saputra,27,Jakarta,1999-08-24,2026-12-11,28 minggu,Lebak Wangi RT05/08,Tidak ada,Tidak ada,165,5,4,1,135,91,10,KRT,Tidak,Tidak,Tidak,Tidak,Tidak,Tidak,Tidak,Tidak
BUMIL-381,Anisa Puspita,3603310231641923,Eko Permana,42,Bogor,1984-01-28,2027-03-05,16 minggu,Perum Duta Asri Cadas Blok C,Tidak ada,Gastritis,168,7,4,0,145,89,14,KRST,Tidak,Tidak,Tidak,Tidak,Ya,Tidak,Tidak,Tidak
BUMIL-382,Rina Aminah,3603762424073287,Indra Kurniawan,24,Cirebon,2002-03-18,2027-04-09,11 minggu,Lebak Wangi RT08/08,Tidak ada,Asthma,140,8,3,1,160,102,14,KRST,Tidak,Tidak,Tidak,Tidak,Ya,Tidak,Tidak,Ya
BUMIL-383,Anisa Lestari,3603296352752006,Asep Kusuma,42,Tangerang,1984-11-06,2027-04-09,11 minggu,Perum Duta Asri Cadas Blok C,Dingin,Tidak ada,167,5,0,0,110,68,6,KRT,Tidak,Tidak,Tidak,Tidak,Tidak,Tidak,Tidak,Tidak
BUMIL-384,Anisa Sartika,3603679161225398,Tri Santoso,28,Bekasi,1998-08-19,2027-02-12,19 minggu,Lebak Wangi RT04/08,Tidak ada,Tidak ada,142,5,5,0,140,95,14,KRST,Tidak,Tidak,Tidak,Tidak,Tidak,Tidak,Tidak,Tidak
BUMIL-385,Nurul Lestari,3603453483389736,Aris Setiawan,21,Bandung,2005-10-04,2026-11-20,31 minggu,Lebak Wangi RT06/08,Tidak ada,Diabetes,145,6,5,0,170,110,10,KRT,Tidak,Tidak,Tidak,Tidak,Ya,Tidak,Tidak,Ya
BUMIL-386,Fitri Mulyani,3603718341042388,Rudi Kurniawan,39,Bandung,1987-02-09,2026-12-18,27 minggu,Perum Duta Asri Cadas Blok A,Seafood,Asthma,168,9,2,1,160,101,14,KRST,Tidak,Tidak,Tidak,Tidak,Ya,Tidak,Tidak,Ya
BUMIL-387,Dian Wulandari,3603859066728501,Joko Firmansyah,26,Semarang,2000-10-04,2027-02-26,17 minggu,Perum Duta Asri Cadas Blok A,Tidak ada,Hipertensi,144,2,5,1,160,105,18,KRST,Tidak,Tidak,Tidak,Tidak,Ya,Tidak,Tidak,Ya
BUMIL-388,Dewi Rahma,3603450479590614,Rizal Saputra,42,Jakarta,1984-10-19,2027-04-30,8 minggu,Lebak Wangi RT04/08,Tidak ada,Tidak ada,159,3,5,0,145,91,14,KRST,Tidak,Tidak,Tidak,Tidak,Tidak,Tidak,Tidak,Tidak
BUMIL-389,Yuni Mulyani,3603358032214729,Rizal Kurniawan,28,Cirebon,1998-03-12,2026-12-11,28 minggu,Lebak Wangi RT07/08,Dingin,Tidak ada,150,2,5,0,115,79,6,KRT,Tidak,Tidak,Tidak,Tidak,Tidak,Tidak,Tidak,Tidak
BUMIL-390,Yuni Kusuma,3603387811752671,Dedi Nugroho,23,Surakarta,2003-10-13,2027-02-12,19 minggu,Perum Duta Asri Cadas Blok C,Tidak ada,Gastritis,147,1,2,0,115,69,6,KRT,Tidak,Tidak,Tidak,Tidak,Ya,Tidak,Tidak,Tidak
BUMIL-391,Dewi Utami,3603905041025509,Rizal Setiawan,30,Bandung,1996-03-16,2027-03-12,15 minggu,Lebak Wangi RT08/08,Dingin,Tidak ada,145,6,3,0,135,90,2,KRR,Tidak,Tidak,Tidak,Tidak,Tidak,Tidak,Tidak,Tidak
BUMIL-392,Dian Sartika,3603627545708974,Rizal Pratama,42,Cirebon,1984-06-01,2027-01-29,21 minggu,Lebak Wangi RT09/08,Udang,Diabetes,167,9,5,0,125,78,10,KRT,Tidak,Tidak,Tidak,Tidak,Ya,Tidak,Tidak,Tidak
BUMIL-393,Ayu Sartika,3603422266054018,Asep Susanto,17,Semarang,2009-07-22,2027-01-29,21 minggu,Lebak Wangi RT08/08,Tidak ada,Tidak ada,150,4,0,0,115,74,2,KRR,Tidak,Tidak,Tidak,Tidak,Tidak,Tidak,Tidak,Tidak
BUMIL-394,Fitri Utami,3603903849963889,Hadi Hidayat,19,Tangerang,2007-10-01,2026-11-20,31 minggu,Lebak Wangi RT05/08,Tidak ada,Gastritis,157,1,2,0,160,106,10,KRT,Tidak,Tidak,Tidak,Tidak,Ya,Tidak,Tidak,Ya
BUMIL-395,Siti Utami,3603821307297093,Wawan Suryadi,22,Semarang,2004-05-06,2026-11-27,30 minggu,Lebak Wangi RT09/08,Udang,Tidak ada,159,6,1,1,135,85,6,KRT,Tidak,Tidak,Tidak,Tidak,Tidak,Tidak,Tidak,Tidak
BUMIL-396,Lestari Utami,3603708584825780,Aris Firmansyah,40,Bandung,1986-10-04,2027-03-19,14 minggu,Lebak Wangi RT09/08,Tidak ada,Diabetes,163,8,2,0,130,82,6,KRT,Tidak,Tidak,Tidak,Tidak,Ya,Tidak,Tidak,Tidak
BUMIL-397,Nurul Aminah,3603728752727391,Eko Susanto,34,Bekasi,1992-09-07,2027-02-12,19 minggu,Lebak Wangi RT05/08,Tidak ada,Diabetes,166,7,1,1,110,72,6,KRT,Tidak,Tidak,Tidak,Tidak,Ya,Tidak,Tidak,Tidak
BUMIL-398,Rina Wulandari,3603829388085016,Ahmad Nugroho,37,Jakarta,1989-05-12,2026-11-06,33 minggu,Perum Duta Asri Cadas Blok D,Tidak ada,Tidak ada,159,7,1,1,125,78,10,KRT,Tidak,Tidak,Tidak,Tidak,Tidak,Tidak,Tidak,Tidak
BUMIL-399,Eka Sartika,3603435503556153,Joko Firmansyah,42,Yogyakarta,1984-12-19,2026-12-11,28 minggu,Perum Duta Asri Cadas Blok B,Seafood,Tidak ada,152,7,3,0,130,80,6,KRT,Tidak,Tidak,Tidak,Tidak,Tidak,Tidak,Tidak,Tidak
BUMIL-400,Maya Utami,3603504520984627,Hendra Firmansyah,29,Bekasi,1997-10-05,2026-11-20,31 minggu,Perum Duta Asri Cadas Blok D,Tidak ada,Anemia,151,2,3,1,145,96,10,KRT,Tidak,Tidak,Tidak,Tidak,Ya,Tidak,Tidak,Tidak
BUMIL-401,Sri Hidayah,3603395653002015,Aris Setiawan,35,Bandung,1991-09-09,2027-01-01,25 minggu,Perum Duta Asri Cadas Blok C,Tidak ada,Hipertensi,141,2,5,0,115,79,14,KRST,Tidak,Tidak,Tidak,Tidak,Ya,Tidak,Tidak,Tidak
BUMIL-402,Mega Suryani,3603747494051971,Fajar Purnama,24,Jakarta,2002-10-09,2026-10-16,36 minggu,Lebak Wangi RT03/08,Seafood,Tidak ada,157,0,3,0,140,94,6,KRT,Tidak,Tidak,Tidak,Tidak,Tidak,Tidak,Tidak,Tidak
BUMIL-403,Kartika Puspita,3603361484712305,Rizal Susanto,32,Bogor,1994-05-28,2026-12-25,26 minggu,Lebak Wangi RT04/08,Tidak ada,Anemia,149,1,3,0,110,74,6,KRT,Tidak,Tidak,Tidak,Tidak,Ya,Tidak,Tidak,Tidak
BUMIL-404,Tari Puspita,3603261577842715,Tri Nugroho,20,Bogor,2006-04-25,2026-11-13,32 minggu,Perum Duta Asri Cadas Blok A,Tidak ada,Asthma,164,7,1,0,120,76,2,KRR,Tidak,Tidak,Tidak,Tidak,Ya,Tidak,Tidak,Tidak
BUMIL-405,Lestari Rahma,3603564039759559,Ahmad Kusuma,19,Surakarta,2007-07-15,2027-04-30,8 minggu,Perum Duta Asri Cadas Blok C,Tidak ada,Anemia,161,6,1,0,170,107,6,KRT,Tidak,Tidak,Tidak,Tidak,Ya,Tidak,Tidak,Ya
BUMIL-406,Sri Lestari,3603902775792535,Sandi Santoso,42,Jakarta,1984-08-16,2027-03-05,16 minggu,Perum Duta Asri Cadas Blok C,Penisilin,Anemia,142,1,3,0,150,97,18,KRST,Tidak,Tidak,Tidak,Tidak,Ya,Tidak,Tidak,Tidak
BUMIL-407,Sri Suryani,3603116636410911,Tri Pratama,42,Cirebon,1984-02-26,2027-01-15,23 minggu,Lebak Wangi RT04/08,Penisilin,Hipertensi,162,9,4,0,140,87,14,KRST,Tidak,Tidak,Tidak,Tidak,Ya,Tidak,Tidak,Tidak
BUMIL-408,Bunga Rahma,3603723406770954,Indra Kurniawan,35,Yogyakarta,1991-06-27,2027-03-12,15 minggu,Lebak Wangi RT03/08,Dingin,Diabetes,158,1,0,0,160,100,14,KRST,Tidak,Tidak,Tidak,Tidak,Ya,Tidak,Tidak,Ya
BUMIL-409,Eka Suryani,3603481737276453,Agus Santoso,30,Jakarta,1996-06-22,2026-11-27,30 minggu,Perum Duta Asri Cadas Blok B,Penisilin,Tidak ada,148,6,5,0,160,106,10,KRT,Tidak,Tidak,Tidak,Tidak,Tidak,Tidak,Tidak,Ya
BUMIL-410,Dewi Rahma,3603543564526216,Wawan Nugroho,21,Tangerang,2005-02-28,2027-04-09,11 minggu,Lebak Wangi RT07/08,Tidak ada,Tidak ada,159,9,5,0,110,72,6,KRT,Tidak,Tidak,Tidak,Tidak,Tidak,Tidak,Tidak,Tidak
BUMIL-411,Yuni Mulyani,3603152560002879,Bambang Wijaya,40,Bandung,1986-11-10,2027-04-09,11 minggu,Lebak Wangi RT05/08,Tidak ada,Anemia,155,4,2,1,130,83,10,KRT,Tidak,Tidak,Tidak,Tidak,Ya,Tidak,Tidak,Tidak
BUMIL-412,Sri Kusuma,3603868190268997,Agus Kusuma,38,Serang,1988-11-21,2027-04-09,11 minggu,Perum Duta Asri Cadas Blok C,Tidak ada,Asthma,143,3,1,0,145,94,14,KRST,Tidak,Tidak,Tidak,Tidak,Ya,Tidak,Tidak,Tidak
BUMIL-413,Sri Mulyani,3603763214988821,Eko Santoso,37,Bekasi,1989-11-03,2026-12-11,28 minggu,Lebak Wangi RT08/08,Tidak ada,Tidak ada,142,3,3,1,140,93,18,KRST,Tidak,Tidak,Tidak,Tidak,Tidak,Tidak,Tidak,Tidak
BUMIL-414,Tari Lestari,3603163655784998,Wawan Santoso,33,Tangerang,1993-10-08,2027-01-22,22 minggu,Perum Duta Asri Cadas Blok C,Debu,Tidak ada,165,2,0,0,130,87,2,KRR,Tidak,Tidak,Tidak,Tidak,Tidak,Tidak,Tidak,Tidak
BUMIL-415,Dian Rahma,3603132507200030,Rudi Wijaya,22,Bekasi,2004-07-23,2027-04-16,10 minggu,Lebak Wangi RT07/08,Tidak ada,Tidak ada,146,3,0,0,125,76,2,KRR,Tidak,Tidak,Tidak,Tidak,Tidak,Tidak,Tidak,Tidak
BUMIL-416,Ayu Aminah,3603499079904668,Suryo Setiawan,39,Cirebon,1987-02-11,2027-02-26,17 minggu,Perum Duta Asri Cadas Blok D,Tidak ada,Tidak ada,146,4,2,0,150,98,10,KRT,Tidak,Tidak,Tidak,Tidak,Tidak,Tidak,Tidak,Tidak
BUMIL-417,Nurul Anggraini,3603362124272973,Budi Suryadi,28,Bogor,1998-02-17,2027-01-08,24 minggu,Lebak Wangi RT08/08,Debu,Tidak ada,155,9,3,1,145,98,10,KRT,Tidak,Tidak,Tidak,Tidak,Tidak,Tidak,Tidak,Tidak
BUMIL-418,Maya Lestari,3603277572197362,Asep Suryadi,25,Semarang,2001-11-24,2027-04-16,10 minggu,Lebak Wangi RT04/08,Tidak ada,Tidak ada,163,1,2,1,110,68,10,KRT,Tidak,Tidak,Tidak,Tidak,Tidak,Tidak,Tidak,Tidak
BUMIL-419,Lestari Hidayah,3603347593611344,Sandi Susanto,38,Cirebon,1988-03-25,2027-04-23,9 minggu,Lebak Wangi RT06/08,Seafood,Anemia,146,4,5,0,110,76,10,KRT,Tidak,Tidak,Tidak,Tidak,Ya,Tidak,Tidak,Tidak
BUMIL-420,Siti Kusuma,3603245648849791,Ahmad Pratama,37,Surakarta,1989-03-08,2027-03-19,14 minggu,Perum Duta Asri Cadas Blok A,Dingin,Hipertensi,145,9,0,0,125,80,6,KRT,Tidak,Tidak,Tidak,Tidak,Ya,Tidak,Tidak,Tidak
BUMIL-421,Eka Mulyani,3603881542418920,Suryo Pratama,37,Surakarta,1989-12-01,2026-11-06,33 minggu,Perum Duta Asri Cadas Blok A,Udang,Tidak ada,148,6,3,0,145,93,10,KRT,Tidak,Tidak,Tidak,Tidak,Tidak,Tidak,Tidak,Tidak
BUMIL-422,Lestari Kusuma,3603844327045483,Agus Wibowo,33,Bekasi,1993-12-13,2027-03-12,15 minggu,Lebak Wangi RT08/08,Seafood,Tidak ada,166,9,3,0,110,74,2,KRR,Tidak,Tidak,Tidak,Tidak,Tidak,Tidak,Tidak,Tidak
BUMIL-423,Mega Suryani,3603755615342227,Dwi Wijaya,36,Surakarta,1990-04-16,2026-12-25,26 minggu,Lebak Wangi RT01/08,Debu,Anemia,149,4,5,1,115,74,14,KRST,Tidak,Tidak,Tidak,Tidak,Ya,Tidak,Tidak,Tidak
BUMIL-424,Sri Anggraini,3603384657053248,Sandi Kusuma,37,Bandung,1989-03-13,2026-11-06,33 minggu,Lebak Wangi RT09/08,Tidak ada,Diabetes,162,10,2,1,150,95,14,KRST,Tidak,Tidak,Tidak,Tidak,Ya,Tidak,Tidak,Tidak
BUMIL-425,Dewi Puspita,3603827585062559,Ahmad Santoso,27,Serang,1999-02-01,2027-01-08,24 minggu,Lebak Wangi RT04/08,Tidak ada,Tidak ada,161,2,5,1,145,93,14,KRST,Tidak,Tidak,Tidak,Tidak,Tidak,Tidak,Tidak,Tidak
BUMIL-426,Sri Utami,3603526939501321,Fajar Wibowo,40,Cirebon,1986-07-17,2027-03-12,15 minggu,Lebak Wangi RT07/08,Seafood,Tidak ada,141,9,5,0,125,81,14,KRST,Tidak,Tidak,Tidak,Tidak,Tidak,Tidak,Tidak,Tidak
BUMIL-427,Ratna Anggraini,3603802375909504,Dwi Setiawan,42,Serang,1984-11-18,2027-01-15,23 minggu,Lebak Wangi RT02/08,Tidak ada,Tidak ada,155,10,2,0,120,83,6,KRT,Tidak,Tidak,Tidak,Tidak,Tidak,Tidak,Tidak,Tidak
BUMIL-428,Maya Rahma,3603204341008026,Rizal Kurniawan,32,Bandung,1994-09-07,2026-11-20,31 minggu,Lebak Wangi RT07/08,Dingin,Tidak ada,144,4,5,0,120,83,10,KRT,Tidak,Tidak,Tidak,Tidak,Tidak,Tidak,Tidak,Tidak
BUMIL-429,Yuni Anggraini,3603340901708398,Hadi Santoso,28,Bekasi,1998-05-23,2027-02-12,19 minggu,Lebak Wangi RT02/08,Seafood,Tidak ada,147,4,3,0,135,87,2,KRR,Tidak,Tidak,Tidak,Tidak,Tidak,Tidak,Tidak,Tidak
BUMIL-430,Sri Puspita,3603608069080883,Agus Hidayat,20,Bogor,2006-08-20,2027-01-01,25 minggu,Lebak Wangi RT02/08,Tidak ada,Tidak ada,155,0,5,0,160,100,10,KRT,Tidak,Tidak,Tidak,Tidak,Tidak,Tidak,Tidak,Ya
BUMIL-431,Kartika Hidayah,3603230998552841,Rudi Saputra,38,Surakarta,1988-12-01,2027-04-09,11 minggu,Lebak Wangi RT09/08,Tidak ada,Tidak ada,152,8,2,0,120,75,6,KRT,Tidak,Tidak,Tidak,Tidak,Tidak,Tidak,Tidak,Tidak
BUMIL-432,Lestari Lestari,3603256584077006,Bambang Susanto,27,Jakarta,1999-06-05,2026-12-04,29 minggu,Perum Duta Asri Cadas Blok D,Tidak ada,Anemia,167,2,0,0,145,94,6,KRT,Tidak,Tidak,Tidak,Tidak,Ya,Tidak,Tidak,Tidak
BUMIL-433,Fitri Lestari,3603162854694491,Ahmad Hidayat,17,Yogyakarta,2009-07-09,2027-01-22,22 minggu,Perum Duta Asri Cadas Blok B,Tidak ada,Diabetes,154,4,1,0,120,82,2,KRR,Tidak,Tidak,Tidak,Tidak,Ya,Tidak,Tidak,Tidak
BUMIL-434,Fitri Kusuma,3603940891077866,Agus Nugroho,41,Yogyakarta,1985-08-17,2027-02-26,17 minggu,Lebak Wangi RT03/08,Debu,Tidak ada,142,2,4,0,140,92,18,KRST,Tidak,Tidak,Tidak,Tidak,Tidak,Tidak,Tidak,Tidak
BUMIL-435,Bunga Kusuma,3603105941298800,Sandi Permana,18,Jakarta,2008-05-25,2027-04-23,9 minggu,Lebak Wangi RT04/08,Udang,Tidak ada,157,3,5,0,110,71,6,KRT,Tidak,Tidak,Tidak,Tidak,Tidak,Tidak,Tidak,Tidak
BUMIL-436,Tari Hidayah,3603843106291386,Budi Pratama,17,Tangerang,2009-01-28,2026-11-06,33 minggu,Lebak Wangi RT08/08,Debu,Asthma,160,3,1,0,135,86,2,KRR,Tidak,Tidak,Tidak,Tidak,Ya,Tidak,Tidak,Tidak
BUMIL-437,Anisa Sartika,3603651403150631,Agus Kurniawan,35,Cirebon,1991-03-06,2026-10-23,35 minggu,Lebak Wangi RT04/08,Debu,Tidak ada,149,2,0,0,110,70,6,KRT,Tidak,Tidak,Tidak,Tidak,Tidak,Tidak,Tidak,Tidak
BUMIL-438,Eka Kusuma,3603674356664610,Bambang Firmansyah,36,Jakarta,1990-07-24,2027-03-05,16 minggu,Perum Duta Asri Cadas Blok A,Debu,Tidak ada,156,5,3,0,120,78,6,KRT,Tidak,Tidak,Tidak,Tidak,Tidak,Tidak,Tidak,Tidak
BUMIL-439,Kartika Lestari,3603309380152118,Agus Setiawan,22,Bekasi,2004-09-22,2026-10-30,34 minggu,Perum Duta Asri Cadas Blok D,Udang,Tidak ada,165,6,0,0,125,79,2,KRR,Tidak,Tidak,Tidak,Tidak,Tidak,Tidak,Tidak,Tidak
BUMIL-440,Anisa Hidayah,3603124627671581,Wawan Firmansyah,35,Serang,1991-07-03,2026-10-30,34 minggu,Perum Duta Asri Cadas Blok D,Tidak ada,Anemia,156,2,0,0,135,92,6,KRT,Tidak,Tidak,Tidak,Tidak,Ya,Tidak,Tidak,Tidak
BUMIL-441,Dewi Utami,3603803844397637,Budi Saputra,25,Bekasi,2001-02-18,2027-02-05,20 minggu,Lebak Wangi RT05/08,Dingin,Hipertensi,164,8,4,1,110,76,10,KRT,Tidak,Tidak,Tidak,Tidak,Ya,Tidak,Tidak,Tidak
BUMIL-442,Nurul Anggraini,3603125065944579,Wawan Saputra,18,Yogyakarta,2008-12-20,2027-03-26,13 minggu,Lebak Wangi RT08/08,Tidak ada,Gastritis,162,1,3,0,115,77,6,KRT,Tidak,Tidak,Tidak,Tidak,Ya,Tidak,Tidak,Tidak
BUMIL-443,Sri Kusuma,3603270518225594,Asep Santoso,23,Bekasi,2003-04-05,2027-05-14,6 minggu,Lebak Wangi RT09/08,Debu,Tidak ada,162,10,5,1,140,96,14,KRST,Tidak,Tidak,Tidak,Tidak,Tidak,Tidak,Tidak,Tidak
BUMIL-444,Nurul Anggraini,3603398587454580,Tri Firmansyah,36,Serang,1990-06-01,2026-11-27,30 minggu,Lebak Wangi RT02/08,Tidak ada,Gastritis,159,2,3,0,115,77,6,KRT,Tidak,Tidak,Tidak,Tidak,Ya,Tidak,Tidak,Tidak
BUMIL-445,Nurul Wulandari,3603959483139370,Agus Setiawan,20,Serang,2006-04-14,2027-01-29,21 minggu,Lebak Wangi RT02/08,Tidak ada,Tidak ada,155,3,4,1,130,87,10,KRT,Tidak,Tidak,Tidak,Tidak,Tidak,Tidak,Tidak,Tidak
BUMIL-446,Lestari Lestari,3603549697836618,Joko Nugroho,26,Jakarta,2000-09-14,2026-12-11,28 minggu,Perum Duta Asri Cadas Blok A,Tidak ada,Gastritis,145,0,4,0,125,83,6,KRT,Tidak,Tidak,Tidak,Tidak,Ya,Tidak,Tidak,Tidak
BUMIL-447,Yuni Hidayah,3603112896661519,Tri Wijaya,38,Yogyakarta,1988-03-21,2026-11-13,32 minggu,Perum Duta Asri Cadas Blok A,Tidak ada,Asthma,142,1,4,0,120,74,18,KRST,Tidak,Tidak,Tidak,Tidak,Ya,Tidak,Tidak,Tidak
BUMIL-448,Tari Sartika,3603897676631820,Suryo Hidayat,20,Bandung,2006-11-05,2027-03-26,13 minggu,Perum Duta Asri Cadas Blok D,Seafood,Anemia,168,4,5,1,130,83,10,KRT,Tidak,Tidak,Tidak,Tidak,Ya,Tidak,Tidak,Tidak
BUMIL-449,Ayu Aminah,3603993781873572,Hadi Wijaya,22,Bekasi,2004-06-15,2027-03-19,14 minggu,Lebak Wangi RT03/08,Dingin,Tidak ada,167,0,2,0,170,110,6,KRT,Tidak,Tidak,Tidak,Tidak,Tidak,Tidak,Tidak,Ya
BUMIL-450,Bunga Mulyani,3603203577006346,Wawan Nugroho,41,Bandung,1985-03-04,2027-04-09,11 minggu,Lebak Wangi RT07/08,Tidak ada,Gastritis,168,0,0,0,120,83,6,KRT,Tidak,Tidak,Tidak,Tidak,Ya,Tidak,Tidak,Tidak
BUMIL-451,Fitri Lestari,3603394728417020,Wawan Hidayat,40,Semarang,1986-06-25,2027-04-02,12 minggu,Lebak Wangi RT05/08,Tidak ada,Tidak ada,142,5,2,1,140,92,18,KRST,Tidak,Tidak,Tidak,Tidak,Tidak,Tidak,Tidak,Tidak
BUMIL-452,Ayu Wulandari,3603524496135018,Suryo Firmansyah,39,Yogyakarta,1987-03-26,2026-12-18,27 minggu,Lebak Wangi RT01/08,Tidak ada,Anemia,167,7,3,0,120,74,6,KRT,Tidak,Tidak,Tidak,Tidak,Ya,Tidak,Tidak,Tidak
BUMIL-453,Anisa Mulyani,3603167544421435,Hadi Saputra,22,Cirebon,2004-03-03,2026-12-11,28 minggu,Lebak Wangi RT09/08,Tidak ada,Hipertensi,143,6,4,0,160,109,14,KRST,Tidak,Tidak,Tidak,Tidak,Ya,Tidak,Tidak,Ya
BUMIL-454,Ayu Rahma,3603519237440678,Budi Kusuma,41,Semarang,1985-05-27,2027-04-09,11 minggu,Lebak Wangi RT09/08,Udang,Tidak ada,151,9,0,0,170,107,10,KRT,Tidak,Tidak,Tidak,Tidak,Tidak,Tidak,Tidak,Ya
BUMIL-455,Kartika Kusuma,3603582802789605,Rizal Wijaya,18,Tangerang,2008-02-15,2027-04-23,9 minggu,Lebak Wangi RT01/08,Tidak ada,Tidak ada,142,4,5,0,170,113,14,KRST,Tidak,Tidak,Tidak,Tidak,Tidak,Tidak,Tidak,Ya
BUMIL-456,Ratna Anggraini,3603473117310515,Joko Permana,33,Jakarta,1993-04-27,2027-02-19,18 minggu,Perum Duta Asri Cadas Blok A,Dingin,Hipertensi,156,9,0,0,140,96,6,KRT,Tidak,Tidak,Tidak,Tidak,Ya,Tidak,Tidak,Tidak
BUMIL-457,Ratna Kusuma,3603827334455774,Hendra Purnama,38,Semarang,1988-02-01,2027-04-30,8 minggu,Perum Duta Asri Cadas Blok D,Tidak ada,Tidak ada,160,6,1,0,150,101,10,KRT,Tidak,Tidak,Tidak,Tidak,Tidak,Tidak,Tidak,Tidak
BUMIL-458,Dewi Aminah,3603654724779120,Wawan Santoso,32,Bogor,1994-06-04,2027-05-07,7 minggu,Perum Duta Asri Cadas Blok A,Seafood,Asthma,167,7,1,1,145,94,10,KRT,Tidak,Tidak,Tidak,Tidak,Ya,Tidak,Tidak,Tidak
BUMIL-459,Ratna Lestari,3603409109419274,Asep Setiawan,18,Bandung,2008-08-01,2027-02-19,18 minggu,Lebak Wangi RT04/08,Tidak ada,Hipertensi,156,3,4,0,140,89,10,KRT,Tidak,Tidak,Tidak,Tidak,Ya,Tidak,Tidak,Tidak
BUMIL-460,Rina Kusuma,3603982376072353,Rizal Santoso,35,Yogyakarta,1991-05-15,2026-10-30,34 minggu,Perum Duta Asri Cadas Blok A,Dingin,Tidak ada,154,1,3,0,115,76,10,KRT,Tidak,Tidak,Tidak,Tidak,Tidak,Tidak,Tidak,Tidak
BUMIL-461,Siti Sartika,3603552704326218,Asep Purnama,18,Surakarta,2008-11-10,2027-01-29,21 minggu,Lebak Wangi RT08/08,Tidak ada,Tidak ada,157,8,0,0,115,78,2,KRR,Tidak,Tidak,Tidak,Tidak,Tidak,Tidak,Tidak,Tidak
BUMIL-462,Eka Suryani,3603325753499393,Asep Pratama,37,Surakarta,1989-05-13,2027-04-16,10 minggu,Lebak Wangi RT04/08,Udang,Tidak ada,161,7,2,0,110,69,6,KRT,Tidak,Tidak,Tidak,Tidak,Tidak,Tidak,Tidak,Tidak
BUMIL-463,Ayu Lestari,3603944219419581,Joko Nugroho,36,Surakarta,1990-07-26,2026-12-11,28 minggu,Perum Duta Asri Cadas Blok D,Penisilin,Anemia,159,7,5,0,145,90,14,KRST,Tidak,Tidak,Tidak,Tidak,Ya,Tidak,Tidak,Tidak
BUMIL-464,Nurul Anggraini,3603100952396600,Tri Hidayat,27,Bogor,1999-10-17,2027-03-05,16 minggu,Lebak Wangi RT01/08,Debu,Tidak ada,151,10,2,0,135,83,2,KRR,Tidak,Tidak,Tidak,Tidak,Tidak,Tidak,Tidak,Tidak
BUMIL-465,Dewi Rahma,3603252438792370,Bambang Santoso,39,Semarang,1987-01-26,2026-11-27,30 minggu,Lebak Wangi RT09/08,Debu,Tidak ada,163,6,0,0,130,88,6,KRT,Tidak,Tidak,Tidak,Tidak,Tidak,Tidak,Tidak,Tidak
BUMIL-466,Lestari Hidayah,3603533156876549,Hadi Hidayat,23,Surakarta,2003-03-04,2027-03-26,13 minggu,Perum Duta Asri Cadas Blok D,Tidak ada,Tidak ada,154,3,5,0,140,86,10,KRT,Tidak,Tidak,Tidak,Tidak,Tidak,Tidak,Tidak,Tidak
BUMIL-467,Nurul Kusuma,3603823518971705,Tri Saputra,35,Bogor,1991-10-28,2026-11-20,31 minggu,Lebak Wangi RT03/08,Tidak ada,Anemia,156,2,3,1,110,74,10,KRT,Tidak,Tidak,Tidak,Tidak,Ya,Tidak,Tidak,Tidak
BUMIL-468,Bunga Puspita,3603956881765075,Sandi Santoso,22,Bandung,2004-12-23,2027-02-26,17 minggu,Perum Duta Asri Cadas Blok A,Dingin,Tidak ada,162,9,1,0,120,74,2,KRR,Tidak,Tidak,Tidak,Tidak,Tidak,Tidak,Tidak,Tidak
BUMIL-469,Dian Anggraini,3603768299256384,Rudi Kurniawan,27,Serang,1999-10-07,2026-11-13,32 minggu,Lebak Wangi RT03/08,Penisilin,Tidak ada,156,6,3,0,125,80,2,KRR,Tidak,Tidak,Tidak,Tidak,Tidak,Tidak,Tidak,Tidak
BUMIL-470,Dian Lestari,3603426290777107,Dwi Pratama,31,Tangerang,1995-02-02,2027-03-26,13 minggu,Lebak Wangi RT09/08,Penisilin,Tidak ada,165,2,1,0,150,96,6,KRT,Tidak,Tidak,Tidak,Tidak,Tidak,Tidak,Tidak,Tidak
BUMIL-471,Maya Lestari,3603910511328725,Rizal Saputra,34,Bogor,1992-06-20,2027-04-02,12 minggu,Perum Duta Asri Cadas Blok D,Debu,Tidak ada,160,3,1,1,130,89,6,KRT,Tidak,Tidak,Tidak,Tidak,Tidak,Tidak,Tidak,Tidak
BUMIL-472,Mega Anggraini,3603816015700634,Rizal Wibowo,22,Jakarta,2004-01-05,2027-01-08,24 minggu,Lebak Wangi RT09/08,Debu,Tidak ada,156,8,5,0,115,74,6,KRT,Tidak,Tidak,Tidak,Tidak,Tidak,Tidak,Tidak,Tidak
BUMIL-473,Maya Kusuma,3603729568359098,Tri Suryadi,38,Jakarta,1988-06-23,2026-10-16,36 minggu,Lebak Wangi RT06/08,Tidak ada,Anemia,162,6,5,0,150,96,14,KRST,Tidak,Tidak,Tidak,Tidak,Ya,Tidak,Tidak,Tidak
BUMIL-474,Bunga Aminah,3603218209225199,Asep Wibowo,17,Semarang,2009-03-06,2026-12-04,29 minggu,Perum Duta Asri Cadas Blok B,Debu,Tidak ada,152,2,0,0,170,105,6,KRT,Tidak,Tidak,Tidak,Tidak,Tidak,Tidak,Tidak,Ya
BUMIL-475,Lestari Wulandari,3603966510446604,Dwi Wibowo,22,Bandung,2004-12-18,2026-12-11,28 minggu,Lebak Wangi RT04/08,Dingin,Tidak ada,149,10,2,1,110,70,6,KRT,Tidak,Tidak,Tidak,Tidak,Tidak,Tidak,Tidak,Tidak
BUMIL-476,Lestari Suryani,3603490980778799,Suryo Setiawan,31,Bogor,1995-07-10,2026-12-04,29 minggu,Perum Duta Asri Cadas Blok C,Tidak ada,Asthma,143,9,5,0,125,86,10,KRT,Tidak,Tidak,Tidak,Tidak,Ya,Tidak,Tidak,Tidak
BUMIL-477,Maya Utami,3603659366213273,Dwi Saputra,42,Yogyakarta,1984-10-02,2027-04-09,11 minggu,Lebak Wangi RT04/08,Dingin,Tidak ada,165,4,5,0,140,92,14,KRST,Tidak,Tidak,Tidak,Tidak,Tidak,Tidak,Tidak,Tidak
BUMIL-478,Bunga Anggraini,3603158205931959,Ahmad Pratama,17,Bandung,2009-08-05,2027-03-05,16 minggu,Lebak Wangi RT06/08,Tidak ada,Tidak ada,163,4,1,0,145,92,6,KRT,Tidak,Tidak,Tidak,Tidak,Tidak,Tidak,Tidak,Tidak
BUMIL-479,Mega Puspita,3603914096513087,Indra Nugroho,36,Tangerang,1990-12-22,2026-12-25,26 minggu,Lebak Wangi RT05/08,Tidak ada,Tidak ada,146,3,2,0,170,106,10,KRT,Tidak,Tidak,Tidak,Tidak,Tidak,Tidak,Tidak,Ya
BUMIL-480,Fitri Rahma,3603665797858137,Bambang Wibowo,20,Jakarta,2006-12-03,2027-02-26,17 minggu,Perum Duta Asri Cadas Blok C,Tidak ada,Tidak ada,152,0,3,0,130,81,2,KRR,Tidak,Tidak,Tidak,Tidak,Tidak,Tidak,Tidak,Tidak
BUMIL-481,Fitri Puspita,3603382806477544,Asep Setiawan,17,Cirebon,2009-07-15,2026-12-04,29 minggu,Lebak Wangi RT08/08,Seafood,Anemia,150,7,5,0,110,68,6,KRT,Tidak,Tidak,Tidak,Tidak,Ya,Tidak,Tidak,Tidak
BUMIL-482,Yuni Puspita,3603950621947062,Rudi Wibowo,37,Yogyakarta,1989-09-13,2027-04-23,9 minggu,Perum Duta Asri Cadas Blok B,Tidak ada,Tidak ada,159,10,2,0,160,107,10,KRT,Tidak,Tidak,Tidak,Tidak,Tidak,Tidak,Tidak,Ya
BUMIL-483,Mega Sartika,3603880756469984,Agus Hidayat,27,Tangerang,1999-08-03,2026-11-20,31 minggu,Lebak Wangi RT06/08,Tidak ada,Tidak ada,156,3,1,0,150,94,6,KRT,Tidak,Tidak,Tidak,Tidak,Tidak,Tidak,Tidak,Tidak
BUMIL-484,Bunga Suryani,3603544688183357,Tri Setiawan,19,Jakarta,2007-02-11,2027-04-09,11 minggu,Lebak Wangi RT09/08,Tidak ada,Anemia,151,3,1,0,135,87,2,KRR,Tidak,Tidak,Tidak,Tidak,Ya,Tidak,Tidak,Tidak
BUMIL-485,Eka Hidayah,3603928715263798,Rudi Susanto,36,Tangerang,1990-10-20,2026-10-30,34 minggu,Lebak Wangi RT07/08,Tidak ada,Asthma,156,7,4,0,170,105,14,KRST,Tidak,Tidak,Tidak,Tidak,Ya,Tidak,Tidak,Ya
BUMIL-486,Nurul Anggraini,3603591112361746,Indra Pratama,24,Bekasi,2002-03-02,2027-04-23,9 minggu,Lebak Wangi RT07/08,Udang,Gastritis,168,10,4,0,125,76,6,KRT,Tidak,Tidak,Tidak,Tidak,Ya,Tidak,Tidak,Tidak
BUMIL-487,Yuni Utami,3603975812260897,Suryo Pratama,20,Jakarta,2006-05-22,2027-03-12,15 minggu,Lebak Wangi RT01/08,Seafood,Gastritis,152,4,4,0,110,74,6,KRT,Tidak,Tidak,Tidak,Tidak,Ya,Tidak,Tidak,Tidak
BUMIL-488,Mega Suryani,3603661793820110,Joko Santoso,31,Cirebon,1995-08-05,2027-05-07,7 minggu,Lebak Wangi RT02/08,Tidak ada,Diabetes,155,0,2,0,125,81,2,KRR,Tidak,Tidak,Tidak,Tidak,Ya,Tidak,Tidak,Tidak
BUMIL-489,Tari Sartika,3603207151753887,Hendra Setiawan,22,Serang,2004-04-04,2027-05-14,6 minggu,Lebak Wangi RT02/08,Penisilin,Tidak ada,164,8,4,1,115,72,10,KRT,Tidak,Tidak,Tidak,Tidak,Tidak,Tidak,Tidak,Tidak
BUMIL-490,Lestari Anggraini,3603323784661662,Rudi Nugroho,34,Serang,1992-05-26,2027-02-19,18 minggu,Lebak Wangi RT02/08,Udang,Asthma,166,6,5,0,115,79,6,KRT,Tidak,Tidak,Tidak,Tidak,Ya,Tidak,Tidak,Tidak
BUMIL-491,Anisa Aminah,3603887951372538,Tri Saputra,27,Bogor,1999-03-12,2026-10-30,34 minggu,Lebak Wangi RT08/08,Tidak ada,Hipertensi,141,1,0,0,110,68,10,KRT,Tidak,Tidak,Tidak,Tidak,Ya,Tidak,Tidak,Tidak
BUMIL-492,Sri Suryani,3603731662738976,Hadi Firmansyah,24,Serang,2002-08-15,2027-03-19,14 minggu,Perum Duta Asri Cadas Blok A,Tidak ada,Tidak ada,148,6,3,0,140,92,6,KRT,Tidak,Tidak,Tidak,Tidak,Tidak,Tidak,Tidak,Tidak
BUMIL-493,Yuni Aminah,3603840407272692,Ahmad Permana,20,Bandung,2006-12-22,2027-04-23,9 minggu,Perum Duta Asri Cadas Blok D,Udang,Asthma,157,0,5,0,115,78,6,KRT,Tidak,Tidak,Tidak,Tidak,Ya,Tidak,Tidak,Tidak
BUMIL-494,Dewi Mulyani,3603180952622657,Agus Firmansyah,28,Cirebon,1998-10-08,2027-01-15,23 minggu,Lebak Wangi RT09/08,Seafood,Gastritis,156,1,2,0,130,88,6,KRT,Tidak,Tidak,Tidak,Tidak,Ya,Tidak,Tidak,Tidak
BUMIL-495,Rina Wulandari,3603518491632451,Rudi Suryadi,29,Bekasi,1997-11-28,2026-10-23,35 minggu,Lebak Wangi RT08/08,Tidak ada,Tidak ada,166,10,0,0,145,91,6,KRT,Tidak,Tidak,Tidak,Tidak,Tidak,Tidak,Tidak,Tidak
BUMIL-496,Maya Hidayah,3603920924507431,Agus Kurniawan,29,Yogyakarta,1997-07-28,2026-12-11,28 minggu,Lebak Wangi RT09/08,Dingin,Tidak ada,165,8,2,0,120,77,2,KRR,Tidak,Tidak,Tidak,Tidak,Tidak,Tidak,Tidak,Tidak
BUMIL-497,Mega Aminah,3603257002829063,Dedi Setiawan,20,Bekasi,2006-02-25,2027-02-05,20 minggu,Perum Duta Asri Cadas Blok D,Tidak ada,Tidak ada,141,0,4,0,150,100,14,KRST,Tidak,Tidak,Tidak,Tidak,Tidak,Tidak,Tidak,Tidak
BUMIL-498,Rina Wulandari,3603921240923829,Asep Pratama,40,Bogor,1986-01-14,2027-04-30,8 minggu,Perum Duta Asri Cadas Blok A,Tidak ada,Anemia,168,5,1,0,170,113,10,KRT,Tidak,Tidak,Tidak,Tidak,Ya,Tidak,Tidak,Ya
BUMIL-499,Anisa Rahma,3603341308411304,Ahmad Kusuma,36,Surakarta,1990-12-26,2027-04-30,8 minggu,Lebak Wangi RT07/08,Udang,Anemia,166,4,1,1,170,114,14,KRST,Tidak,Tidak,Tidak,Tidak,Ya,Tidak,Tidak,Ya
BUMIL-500,Dewi Suryani,3603810650722791,Budi Wibowo,34,Yogyakarta,1992-05-17,2027-02-05,20 minggu,Perum Duta Asri Cadas Blok A,Udang,Asthma,142,4,5,1,115,72,14,KRST,Tidak,Tidak,Tidak,Tidak,Ya,Tidak,Tidak,Tidak
